Mfg_Part_Num,ai_used,overall_confidence,needs_human_review,distributor_detected,n_attributes,review_reasons
DCB518ASTS06G,False,0.61,False,False,1,MOBILE_DESC is 38 chars (target 60-80).
3MABR-7100075678,False,0.43,True,True,0,"Part_Manuf 'Jam Industrial Supply LLC' looks like a distributor, not a manufacturer — withheld and flagged. | MOBILE_DESC is 35 chars (target 60-80). | No attributes extracted — description too sparse or needs enrichment. | ANOMALY: Part_Manuf 'Jam Industrial Supply LLC' is a distributor/reseller and no manufacturer could be resolved from the brand — withheld pending review."
3MABR-7100045865,False,0.43,True,True,0,"Part_Manuf 'Jam Industrial Supply LLC' looks like a distributor, not a manufacturer — withheld and flagged. | MOBILE_DESC is 35 chars (target 60-80). | No attributes extracted — description too sparse or needs enrichment. | ANOMALY: Part_Manuf 'Jam Industrial Supply LLC' is a distributor/reseller and no manufacturer could be resolved from the brand — withheld pending review."
3MABR-7100048736,False,0.43,True,True,0,"Part_Manuf 'Jam Industrial Supply LLC' looks like a distributor, not a manufacturer — withheld and flagged. | MOBILE_DESC is 35 chars (target 60-80). | No attributes extracted — description too sparse or needs enrichment. | ANOMALY: Part_Manuf 'Jam Industrial Supply LLC' is a distributor/reseller and no manufacturer could be resolved from the brand — withheld pending review."
3MABR-7100075690,False,0.43,True,True,0,"Part_Manuf 'Jam Industrial Supply LLC' looks like a distributor, not a manufacturer — withheld and flagged. | MOBILE_DESC is 35 chars (target 60-80). | No attributes extracted — description too sparse or needs enrichment. | ANOMALY: Part_Manuf 'Jam Industrial Supply LLC' is a distributor/reseller and no manufacturer could be resolved from the brand — withheld pending review."
3MABR-7100075692,False,0.43,True,True,0,"Part_Manuf 'Jam Industrial Supply LLC' looks like a distributor, not a manufacturer — withheld and flagged. | MOBILE_DESC is 35 chars (target 60-80). | No attributes extracted — description too sparse or needs enrichment. | ANOMALY: Part_Manuf 'Jam Industrial Supply LLC' is a distributor/reseller and no manufacturer could be resolved from the brand — withheld pending review."
3MABR-7100145365,False,0.43,True,True,0,"Part_Manuf 'Jam Industrial Supply LLC' looks like a distributor, not a manufacturer — withheld and flagged. | MOBILE_DESC is 35 chars (target 60-80). | No attributes extracted — description too sparse or needs enrichment. | ANOMALY: Part_Manuf 'Jam Industrial Supply LLC' is a distributor/reseller and no manufacturer could be resolved from the brand — withheld pending review."
5B-332-080,False,0.19,True,False,0,Product type/classpath unresolved by rules — needs AI classification or review. | Brand unresolved from input — needs manufacturer-source enrichment. | MOBILE_DESC is 31 chars (target 60-80). | BRAND_NAME empty — needs manufacturer-source enrichment. | Classpath unresolved — needs classification review. | No attributes extracted — description too sparse or needs enrichment.
5B-332-120,False,0.19,True,False,0,Product type/classpath unresolved by rules — needs AI classification or review. | Brand unresolved from input — needs manufacturer-source enrichment. | MOBILE_DESC is 31 chars (target 60-80). | BRAND_NAME empty — needs manufacturer-source enrichment. | Classpath unresolved — needs classification review. | No attributes extracted — description too sparse or needs enrichment.
9A-570-240,False,0.27,True,False,1,Product type/classpath unresolved by rules — needs AI classification or review. | Brand unresolved from input — needs manufacturer-source enrichment. | MOBILE_DESC is 32 chars (target 60-80). | BRAND_NAME empty — needs manufacturer-source enrichment. | Classpath unresolved — needs classification review.
9A-570-320,False,0.27,True,False,1,Product type/classpath unresolved by rules — needs AI classification or review. | Brand unresolved from input — needs manufacturer-source enrichment. | MOBILE_DESC is 32 chars (target 60-80). | BRAND_NAME empty — needs manufacturer-source enrichment. | Classpath unresolved — needs classification review.
DBD090094101F,False,0.53,True,False,0,MOBILE_DESC is 42 chars (target 60-80). | No attributes extracted — description too sparse or needs enrichment.
DBDS12125A01F,False,0.53,True,False,0,MOBILE_DESC is 43 chars (target 60-80). | No attributes extracted — description too sparse or needs enrichment.
DBDS12125G01F,False,0.61,False,False,1,MOBILE_DESC is 43 chars (target 60-80).
DBDS14125A01F,False,0.61,False,False,1,MOBILE_DESC is 43 chars (target 60-80).
DBDS14125G01F,False,0.61,False,False,1,MOBILE_DESC is 43 chars (target 60-80).
49-94-0013,False,0.44,True,False,1,Brand unresolved from input — needs manufacturer-source enrichment. | MOBILE_DESC is 45 chars (target 60-80). | BRAND_NAME empty — needs manufacturer-source enrichment.
49-94-0029,False,0.44,True,False,1,Brand unresolved from input — needs manufacturer-source enrichment. | MOBILE_DESC is 45 chars (target 60-80). | BRAND_NAME empty — needs manufacturer-source enrichment.
49-94-0033,False,0.44,True,False,1,Brand unresolved from input — needs manufacturer-source enrichment. | MOBILE_DESC is 45 chars (target 60-80). | BRAND_NAME empty — needs manufacturer-source enrichment.
49-94-0001,False,0.44,True,False,1,Brand unresolved from input — needs manufacturer-source enrichment. | MOBILE_DESC is 45 chars (target 60-80). | BRAND_NAME empty — needs manufacturer-source enrichment.
49-94-0039,False,0.44,True,False,1,Brand unresolved from input — needs manufacturer-source enrichment. | MOBILE_DESC is 45 chars (target 60-80). | BRAND_NAME empty — needs manufacturer-source enrichment.
49-94-0043,False,0.44,True,False,1,Brand unresolved from input — needs manufacturer-source enrichment. | MOBILE_DESC is 45 chars (target 60-80). | BRAND_NAME empty — needs manufacturer-source enrichment.
49-94-0048,False,0.44,True,False,1,Brand unresolved from input — needs manufacturer-source enrichment. | MOBILE_DESC is 45 chars (target 60-80). | BRAND_NAME empty — needs manufacturer-source enrichment.
49-94-0053,False,0.44,True,False,1,Brand unresolved from input — needs manufacturer-source enrichment. | MOBILE_DESC is 45 chars (target 60-80). | BRAND_NAME empty — needs manufacturer-source enrichment.
49-94-0058,False,0.44,True,False,1,Brand unresolved from input — needs manufacturer-source enrichment. | MOBILE_DESC is 45 chars (target 60-80). | BRAND_NAME empty — needs manufacturer-source enrichment.
49-94-0063,False,0.44,True,False,1,Brand unresolved from input — needs manufacturer-source enrichment. | MOBILE_DESC is 45 chars (target 60-80). | BRAND_NAME empty — needs manufacturer-source enrichment.
49-94-0068,False,0.44,True,False,1,Brand unresolved from input — needs manufacturer-source enrichment. | MOBILE_DESC is 45 chars (target 60-80). | BRAND_NAME empty — needs manufacturer-source enrichment.
49-94-0073,False,0.44,True,False,1,Brand unresolved from input — needs manufacturer-source enrichment. | MOBILE_DESC is 45 chars (target 60-80). | BRAND_NAME empty — needs manufacturer-source enrichment.
49-94-0101,False,0.44,True,False,1,Brand unresolved from input — needs manufacturer-source enrichment. | MOBILE_DESC is 45 chars (target 60-80). | BRAND_NAME empty — needs manufacturer-source enrichment.
49-94-0107,False,0.44,True,False,1,Brand unresolved from input — needs manufacturer-source enrichment. | MOBILE_DESC is 45 chars (target 60-80). | BRAND_NAME empty — needs manufacturer-source enrichment.
49-94-0117,False,0.44,True,False,1,Brand unresolved from input — needs manufacturer-source enrichment. | MOBILE_DESC is 45 chars (target 60-80). | BRAND_NAME empty — needs manufacturer-source enrichment.
49-94-0123,False,0.44,True,False,1,Brand unresolved from input — needs manufacturer-source enrichment. | MOBILE_DESC is 45 chars (target 60-80). | BRAND_NAME empty — needs manufacturer-source enrichment.
49-94-0023,False,0.44,True,False,1,Brand unresolved from input — needs manufacturer-source enrichment. | MOBILE_DESC is 45 chars (target 60-80). | BRAND_NAME empty — needs manufacturer-source enrichment.
49-94-0121,False,0.44,True,False,1,Brand unresolved from input — needs manufacturer-source enrichment. | MOBILE_DESC is 45 chars (target 60-80). | BRAND_NAME empty — needs manufacturer-source enrichment.
49-94-0127,False,0.44,True,False,1,Brand unresolved from input — needs manufacturer-source enrichment. | MOBILE_DESC is 45 chars (target 60-80). | BRAND_NAME empty — needs manufacturer-source enrichment.
49-94-0137,False,0.44,True,False,1,Brand unresolved from input — needs manufacturer-source enrichment. | MOBILE_DESC is 45 chars (target 60-80). | BRAND_NAME empty — needs manufacturer-source enrichment.
49-94-0160,False,0.44,True,False,1,Brand unresolved from input — needs manufacturer-source enrichment. | MOBILE_DESC is 45 chars (target 60-80). | BRAND_NAME empty — needs manufacturer-source enrichment.
49-94-0223,False,0.44,True,False,1,Brand unresolved from input — needs manufacturer-source enrichment. | MOBILE_DESC is 45 chars (target 60-80). | BRAND_NAME empty — needs manufacturer-source enrichment.
49-94-0445,False,0.44,True,False,1,Brand unresolved from input — needs manufacturer-source enrichment. | MOBILE_DESC is 45 chars (target 60-80). | BRAND_NAME empty — needs manufacturer-source enrichment.
49-94-0803,False,0.44,True,False,1,Brand unresolved from input — needs manufacturer-source enrichment. | MOBILE_DESC is 45 chars (target 60-80). | BRAND_NAME empty — needs manufacturer-source enrichment.
49-94-0903,False,0.44,True,False,1,Brand unresolved from input — needs manufacturer-source enrichment. | MOBILE_DESC is 45 chars (target 60-80). | BRAND_NAME empty — needs manufacturer-source enrichment.
49-94-0907,False,0.44,True,False,1,Brand unresolved from input — needs manufacturer-source enrichment. | MOBILE_DESC is 45 chars (target 60-80). | BRAND_NAME empty — needs manufacturer-source enrichment.
49-94-0923,False,0.44,True,False,1,Brand unresolved from input — needs manufacturer-source enrichment. | MOBILE_DESC is 45 chars (target 60-80). | BRAND_NAME empty — needs manufacturer-source enrichment.
49-94-1900,False,0.44,True,False,1,Brand unresolved from input — needs manufacturer-source enrichment. | MOBILE_DESC is 45 chars (target 60-80). | BRAND_NAME empty — needs manufacturer-source enrichment.
49-94-1905,False,0.44,True,False,1,Brand unresolved from input — needs manufacturer-source enrichment. | MOBILE_DESC is 45 chars (target 60-80). | BRAND_NAME empty — needs manufacturer-source enrichment.
49-94-1915,False,0.44,True,False,1,Brand unresolved from input — needs manufacturer-source enrichment. | MOBILE_DESC is 45 chars (target 60-80). | BRAND_NAME empty — needs manufacturer-source enrichment.
49-94-1920,False,0.44,True,False,1,Brand unresolved from input — needs manufacturer-source enrichment. | MOBILE_DESC is 45 chars (target 60-80). | BRAND_NAME empty — needs manufacturer-source enrichment.
49-94-1925,False,0.44,True,False,1,Brand unresolved from input — needs manufacturer-source enrichment. | MOBILE_DESC is 45 chars (target 60-80). | BRAND_NAME empty — needs manufacturer-source enrichment.
49-94-1935,False,0.44,True,False,1,Brand unresolved from input — needs manufacturer-source enrichment. | MOBILE_DESC is 45 chars (target 60-80). | BRAND_NAME empty — needs manufacturer-source enrichment.
49-94-1940,False,0.44,True,False,1,Brand unresolved from input — needs manufacturer-source enrichment. | MOBILE_DESC is 45 chars (target 60-80). | BRAND_NAME empty — needs manufacturer-source enrichment.
49-94-0501,False,0.27,True,False,1,Product type/classpath unresolved by rules — needs AI classification or review. | Brand unresolved from input — needs manufacturer-source enrichment. | MOBILE_DESC is 31 chars (target 60-80). | BRAND_NAME empty — needs manufacturer-source enrichment. | Classpath unresolved — needs classification review.
49-94-0503,False,0.27,True,False,1,Product type/classpath unresolved by rules — needs AI classification or review. | Brand unresolved from input — needs manufacturer-source enrichment. | MOBILE_DESC is 31 chars (target 60-80). | BRAND_NAME empty — needs manufacturer-source enrichment. | Classpath unresolved — needs classification review.
49-94-0523,False,0.27,True,False,1,Product type/classpath unresolved by rules — needs AI classification or review. | Brand unresolved from input — needs manufacturer-source enrichment. | MOBILE_DESC is 31 chars (target 60-80). | BRAND_NAME empty — needs manufacturer-source enrichment. | Classpath unresolved — needs classification review.
49-94-1955,False,0.27,True,False,1,Product type/classpath unresolved by rules — needs AI classification or review. | Brand unresolved from input — needs manufacturer-source enrichment. | MOBILE_DESC is 31 chars (target 60-80). | BRAND_NAME empty — needs manufacturer-source enrichment. | Classpath unresolved — needs classification review.
49-94-1965,False,0.27,True,False,1,Product type/classpath unresolved by rules — needs AI classification or review. | Brand unresolved from input — needs manufacturer-source enrichment. | MOBILE_DESC is 31 chars (target 60-80). | BRAND_NAME empty — needs manufacturer-source enrichment. | Classpath unresolved — needs classification review.
49-94-0513,False,0.27,True,False,1,Product type/classpath unresolved by rules — needs AI classification or review. | Brand unresolved from input — needs manufacturer-source enrichment. | MOBILE_DESC is 31 chars (target 60-80). | BRAND_NAME empty — needs manufacturer-source enrichment. | Classpath unresolved — needs classification review.
49-94-0533,False,0.27,True,False,1,Product type/classpath unresolved by rules — needs AI classification or review. | Brand unresolved from input — needs manufacturer-source enrichment. | MOBILE_DESC is 31 chars (target 60-80). | BRAND_NAME empty — needs manufacturer-source enrichment. | Classpath unresolved — needs classification review.
DFBLBLOMFN01G,False,0.44,True,False,1,Product type/classpath unresolved by rules — needs AI classification or review. | MOBILE_DESC is 24 chars (target 60-80). | Classpath unresolved — needs classification review.
1700-1PK-BB40,False,0.19,True,False,0,Product type/classpath unresolved by rules — needs AI classification or review. | Brand unresolved from input — needs manufacturer-source enrichment. | MOBILE_DESC is 22 chars (target 60-80). | BRAND_NAME empty — needs manufacturer-source enrichment. | Classpath unresolved — needs classification review. | No attributes extracted — description too sparse or needs enrichment.
ASH-40-40-04,False,0.19,True,False,0,Product type/classpath unresolved by rules — needs AI classification or review. | Brand unresolved from input — needs manufacturer-source enrichment. | MOBILE_DESC is 38 chars (target 60-80). | BRAND_NAME empty — needs manufacturer-source enrichment. | Classpath unresolved — needs classification review. | No attributes extracted — description too sparse or needs enrichment.
KDFM404KPS,False,0.38,True,True,0,"Part_Manuf 'Appliance Dealers Cooperative' looks like a distributor, not a manufacturer — withheld and flagged. | MOBILE_DESC is 35 chars (target 60-80). | No attributes extracted — description too sparse or needs enrichment. | ANOMALY: Part_Manuf 'Appliance Dealers Cooperative' is a distributor/reseller and no manufacturer could be resolved from the brand — withheld pending review."
PDSH4816AF,False,0.38,True,True,0,"Part_Manuf 'Appliance Dealers Cooperative' looks like a distributor, not a manufacturer — withheld and flagged. | MOBILE_DESC is 56 chars (target 60-80). | No attributes extracted — description too sparse or needs enrichment. | ANOMALY: Part_Manuf 'Appliance Dealers Cooperative' is a distributor/reseller and no manufacturer could be resolved from the brand — withheld pending review."
PDT715SYVFS,False,0.43,True,True,0,"Part_Manuf 'Appliance Dealers Cooperative' looks like a distributor, not a manufacturer — withheld and flagged. | MOBILE_DESC is 27 chars (target 60-80). | No attributes extracted — description too sparse or needs enrichment. | ANOMALY: Part_Manuf 'Appliance Dealers Cooperative' is a distributor/reseller and no manufacturer could be resolved from the brand — withheld pending review."
LDPH5554D,False,0.26,True,True,0,"Part_Manuf 'Appliance Dealers Cooperative' looks like a distributor, not a manufacturer — withheld and flagged. | Brand unresolved from input — needs manufacturer-source enrichment. | MOBILE_DESC is 21 chars (target 60-80). | BRAND_NAME empty — needs manufacturer-source enrichment. | No attributes extracted — description too sparse or needs enrichment. | ANOMALY: Part_Manuf 'Appliance Dealers Cooperative' is a distributor/reseller and no manufacturer could be resolved from the brand — withheld pending review."
WDTS7024RZ,False,0.38,True,True,0,"Part_Manuf 'Appliance Dealers Cooperative' looks like a distributor, not a manufacturer — withheld and flagged. | MOBILE_DESC is 46 chars (target 60-80). | No attributes extracted — description too sparse or needs enrichment. | ANOMALY: Part_Manuf 'Appliance Dealers Cooperative' is a distributor/reseller and no manufacturer could be resolved from the brand — withheld pending review."
PDD415PYYFS,False,0.43,True,True,0,"Part_Manuf 'Appliance Dealers Cooperative' looks like a distributor, not a manufacturer — withheld and flagged. | MOBILE_DESC is 27 chars (target 60-80). | No attributes extracted — description too sparse or needs enrichment. | ANOMALY: Part_Manuf 'Appliance Dealers Cooperative' is a distributor/reseller and no manufacturer could be resolved from the brand — withheld pending review."
KDTS424SBE,False,0.26,True,True,0,"Part_Manuf 'Appliance Dealers Cooperative' looks like a distributor, not a manufacturer — withheld and flagged. | Brand unresolved from input — needs manufacturer-source enrichment. | MOBILE_DESC is 22 chars (target 60-80). | BRAND_NAME empty — needs manufacturer-source enrichment. | No attributes extracted — description too sparse or needs enrichment. | ANOMALY: Part_Manuf 'Appliance Dealers Cooperative' is a distributor/reseller and no manufacturer could be resolved from the brand — withheld pending review."
KDTS324SPS,False,0.26,True,True,0,"Part_Manuf 'Appliance Dealers Cooperative' looks like a distributor, not a manufacturer — withheld and flagged. | Brand unresolved from input — needs manufacturer-source enrichment. | MOBILE_DESC is 22 chars (target 60-80). | BRAND_NAME empty — needs manufacturer-source enrichment. | No attributes extracted — description too sparse or needs enrichment. | ANOMALY: Part_Manuf 'Appliance Dealers Cooperative' is a distributor/reseller and no manufacturer could be resolved from the brand — withheld pending review."
KDPS624SJP,False,0.26,True,True,0,"Part_Manuf 'Appliance Dealers Cooperative' looks like a distributor, not a manufacturer — withheld and flagged. | Brand unresolved from input — needs manufacturer-source enrichment. | MOBILE_DESC is 22 chars (target 60-80). | BRAND_NAME empty — needs manufacturer-source enrichment. | No attributes extracted — description too sparse or needs enrichment. | ANOMALY: Part_Manuf 'Appliance Dealers Cooperative' is a distributor/reseller and no manufacturer could be resolved from the brand — withheld pending review."
KDTS624SBE,False,0.26,True,True,0,"Part_Manuf 'Appliance Dealers Cooperative' looks like a distributor, not a manufacturer — withheld and flagged. | Brand unresolved from input — needs manufacturer-source enrichment. | MOBILE_DESC is 22 chars (target 60-80). | BRAND_NAME empty — needs manufacturer-source enrichment. | No attributes extracted — description too sparse or needs enrichment. | ANOMALY: Part_Manuf 'Appliance Dealers Cooperative' is a distributor/reseller and no manufacturer could be resolved from the brand — withheld pending review."
D519127,False,0.19,True,False,0,Product type/classpath unresolved by rules — needs AI classification or review. | Brand unresolved from input — needs manufacturer-source enrichment. | MOBILE_DESC is 34 chars (target 60-80). | BRAND_NAME empty — needs manufacturer-source enrichment. | Classpath unresolved — needs classification review. | No attributes extracted — description too sparse or needs enrichment.
DF7004WE,False,0.09,True,True,0,"Part_Manuf 'Appliance Dealers Cooperative' looks like a distributor, not a manufacturer — withheld and flagged. | Product type/classpath unresolved by rules — needs AI classification or review. | Brand unresolved from input — needs manufacturer-source enrichment. | MOBILE_DESC is 8 chars (target 60-80). | BRAND_NAME empty — needs manufacturer-source enrichment. | Classpath unresolved — needs classification review. | No attributes extracted — description too sparse or needs enrichment. | ANOMALY: Part_Manuf 'Appliance Dealers Cooperative' is a distributor/reseller and no manufacturer could be resolved from the brand — withheld pending review."
DR7004BE,False,0.09,True,True,0,"Part_Manuf 'Appliance Dealers Cooperative' looks like a distributor, not a manufacturer — withheld and flagged. | Product type/classpath unresolved by rules — needs AI classification or review. | Brand unresolved from input — needs manufacturer-source enrichment. | MOBILE_DESC is 8 chars (target 60-80). | BRAND_NAME empty — needs manufacturer-source enrichment. | Classpath unresolved — needs classification review. | No attributes extracted — description too sparse or needs enrichment. | ANOMALY: Part_Manuf 'Appliance Dealers Cooperative' is a distributor/reseller and no manufacturer could be resolved from the brand — withheld pending review."
DV2000WE,False,0.09,True,True,0,"Part_Manuf 'Appliance Dealers Cooperative' looks like a distributor, not a manufacturer — withheld and flagged. | Product type/classpath unresolved by rules — needs AI classification or review. | Brand unresolved from input — needs manufacturer-source enrichment. | MOBILE_DESC is 8 chars (target 60-80). | BRAND_NAME empty — needs manufacturer-source enrichment. | Classpath unresolved — needs classification review. | No attributes extracted — description too sparse or needs enrichment. | ANOMALY: Part_Manuf 'Appliance Dealers Cooperative' is a distributor/reseller and no manufacturer could be resolved from the brand — withheld pending review."
DC5004WE,False,0.09,True,True,0,"Part_Manuf 'Appliance Dealers Cooperative' looks like a distributor, not a manufacturer — withheld and flagged. | Product type/classpath unresolved by rules — needs AI classification or review. | Brand unresolved from input — needs manufacturer-source enrichment. | MOBILE_DESC is 8 chars (target 60-80). | BRAND_NAME empty — needs manufacturer-source enrichment. | Classpath unresolved — needs classification review. | No attributes extracted — description too sparse or needs enrichment. | ANOMALY: Part_Manuf 'Appliance Dealers Cooperative' is a distributor/reseller and no manufacturer could be resolved from the brand — withheld pending review."
DC5004BE,False,0.09,True,True,0,"Part_Manuf 'Appliance Dealers Cooperative' looks like a distributor, not a manufacturer — withheld and flagged. | Product type/classpath unresolved by rules — needs AI classification or review. | Brand unresolved from input — needs manufacturer-source enrichment. | MOBILE_DESC is 8 chars (target 60-80). | BRAND_NAME empty — needs manufacturer-source enrichment. | Classpath unresolved — needs classification review. | No attributes extracted — description too sparse or needs enrichment. | ANOMALY: Part_Manuf 'Appliance Dealers Cooperative' is a distributor/reseller and no manufacturer could be resolved from the brand — withheld pending review."
WKE100HWA,False,0.09,True,True,0,"Part_Manuf 'Appliance Dealers Cooperative' looks like a distributor, not a manufacturer — withheld and flagged. | Product type/classpath unresolved by rules — needs AI classification or review. | Brand unresolved from input — needs manufacturer-source enrichment. | MOBILE_DESC is 9 chars (target 60-80). | BRAND_NAME empty — needs manufacturer-source enrichment. | Classpath unresolved — needs classification review. | No attributes extracted — description too sparse or needs enrichment. | ANOMALY: Part_Manuf 'Appliance Dealers Cooperative' is a distributor/reseller and no manufacturer could be resolved from the brand — withheld pending review."
FF7011WN,False,0.09,True,True,0,"Part_Manuf 'Appliance Dealers Cooperative' looks like a distributor, not a manufacturer — withheld and flagged. | Product type/classpath unresolved by rules — needs AI classification or review. | Brand unresolved from input — needs manufacturer-source enrichment. | MOBILE_DESC is 8 chars (target 60-80). | BRAND_NAME empty — needs manufacturer-source enrichment. | Classpath unresolved — needs classification review. | No attributes extracted — description too sparse or needs enrichment. | ANOMALY: Part_Manuf 'Appliance Dealers Cooperative' is a distributor/reseller and no manufacturer could be resolved from the brand — withheld pending review."
PTD70GBPTDG,False,0.26,True,True,0,"Part_Manuf 'Appliance Dealers Cooperative' looks like a distributor, not a manufacturer — withheld and flagged. | Product type/classpath unresolved by rules — needs AI classification or review. | MOBILE_DESC is 15 chars (target 60-80). | Classpath unresolved — needs classification review. | No attributes extracted — description too sparse or needs enrichment. | ANOMALY: Part_Manuf 'Appliance Dealers Cooperative' is a distributor/reseller and no manufacturer could be resolved from the brand — withheld pending review."
PTD70GBSTWS,False,0.26,True,True,0,"Part_Manuf 'Appliance Dealers Cooperative' looks like a distributor, not a manufacturer — withheld and flagged. | Product type/classpath unresolved by rules — needs AI classification or review. | MOBILE_DESC is 15 chars (target 60-80). | Classpath unresolved — needs classification review. | No attributes extracted — description too sparse or needs enrichment. | ANOMALY: Part_Manuf 'Appliance Dealers Cooperative' is a distributor/reseller and no manufacturer could be resolved from the brand — withheld pending review."
DR5004WG,False,0.09,True,True,0,"Part_Manuf 'Appliance Dealers Cooperative' looks like a distributor, not a manufacturer — withheld and flagged. | Product type/classpath unresolved by rules — needs AI classification or review. | Brand unresolved from input — needs manufacturer-source enrichment. | MOBILE_DESC is 8 chars (target 60-80). | BRAND_NAME empty — needs manufacturer-source enrichment. | Classpath unresolved — needs classification review. | No attributes extracted — description too sparse or needs enrichment. | ANOMALY: Part_Manuf 'Appliance Dealers Cooperative' is a distributor/reseller and no manufacturer could be resolved from the brand — withheld pending review."
DR7004BG,False,0.09,True,True,0,"Part_Manuf 'Appliance Dealers Cooperative' looks like a distributor, not a manufacturer — withheld and flagged. | Product type/classpath unresolved by rules — needs AI classification or review. | Brand unresolved from input — needs manufacturer-source enrichment. | MOBILE_DESC is 8 chars (target 60-80). | BRAND_NAME empty — needs manufacturer-source enrichment. | Classpath unresolved — needs classification review. | No attributes extracted — description too sparse or needs enrichment. | ANOMALY: Part_Manuf 'Appliance Dealers Cooperative' is a distributor/reseller and no manufacturer could be resolved from the brand — withheld pending review."
DR7004WG,False,0.09,True,True,0,"Part_Manuf 'Appliance Dealers Cooperative' looks like a distributor, not a manufacturer — withheld and flagged. | Product type/classpath unresolved by rules — needs AI classification or review. | Brand unresolved from input — needs manufacturer-source enrichment. | MOBILE_DESC is 8 chars (target 60-80). | BRAND_NAME empty — needs manufacturer-source enrichment. | Classpath unresolved — needs classification review. | No attributes extracted — description too sparse or needs enrichment. | ANOMALY: Part_Manuf 'Appliance Dealers Cooperative' is a distributor/reseller and no manufacturer could be resolved from the brand — withheld pending review."
DV2000WG,False,0.09,True,True,0,"Part_Manuf 'Appliance Dealers Cooperative' looks like a distributor, not a manufacturer — withheld and flagged. | Product type/classpath unresolved by rules — needs AI classification or review. | Brand unresolved from input — needs manufacturer-source enrichment. | MOBILE_DESC is 8 chars (target 60-80). | BRAND_NAME empty — needs manufacturer-source enrichment. | Classpath unresolved — needs classification review. | No attributes extracted — description too sparse or needs enrichment. | ANOMALY: Part_Manuf 'Appliance Dealers Cooperative' is a distributor/reseller and no manufacturer could be resolved from the brand — withheld pending review."
DC5004WG,False,0.09,True,True,0,"Part_Manuf 'Appliance Dealers Cooperative' looks like a distributor, not a manufacturer — withheld and flagged. | Product type/classpath unresolved by rules — needs AI classification or review. | Brand unresolved from input — needs manufacturer-source enrichment. | MOBILE_DESC is 8 chars (target 60-80). | BRAND_NAME empty — needs manufacturer-source enrichment. | Classpath unresolved — needs classification review. | No attributes extracted — description too sparse or needs enrichment. | ANOMALY: Part_Manuf 'Appliance Dealers Cooperative' is a distributor/reseller and no manufacturer could be resolved from the brand — withheld pending review."
DC5004BG,False,0.09,True,True,0,"Part_Manuf 'Appliance Dealers Cooperative' looks like a distributor, not a manufacturer — withheld and flagged. | Product type/classpath unresolved by rules — needs AI classification or review. | Brand unresolved from input — needs manufacturer-source enrichment. | MOBILE_DESC is 8 chars (target 60-80). | BRAND_NAME empty — needs manufacturer-source enrichment. | Classpath unresolved — needs classification review. | No attributes extracted — description too sparse or needs enrichment. | ANOMALY: Part_Manuf 'Appliance Dealers Cooperative' is a distributor/reseller and no manufacturer could be resolved from the brand — withheld pending review."
PTW705BSTWS,False,0.26,True,True,0,"Part_Manuf 'Appliance Dealers Cooperative' looks like a distributor, not a manufacturer — withheld and flagged. | Product type/classpath unresolved by rules — needs AI classification or review. | MOBILE_DESC is 15 chars (target 60-80). | Classpath unresolved — needs classification review. | No attributes extracted — description too sparse or needs enrichment. | ANOMALY: Part_Manuf 'Appliance Dealers Cooperative' is a distributor/reseller and no manufacturer could be resolved from the brand — withheld pending review."
MVWP586GW,False,0.09,True,True,0,"Part_Manuf 'Appliance Dealers Cooperative' looks like a distributor, not a manufacturer — withheld and flagged. | Product type/classpath unresolved by rules — needs AI classification or review. | Brand unresolved from input — needs manufacturer-source enrichment. | MOBILE_DESC is 9 chars (target 60-80). | BRAND_NAME empty — needs manufacturer-source enrichment. | Classpath unresolved — needs classification review. | No attributes extracted — description too sparse or needs enrichment. | ANOMALY: Part_Manuf 'Appliance Dealers Cooperative' is a distributor/reseller and no manufacturer could be resolved from the brand — withheld pending review."
TV2000WN,False,0.09,True,True,0,"Part_Manuf 'Appliance Dealers Cooperative' looks like a distributor, not a manufacturer — withheld and flagged. | Product type/classpath unresolved by rules — needs AI classification or review. | Brand unresolved from input — needs manufacturer-source enrichment. | MOBILE_DESC is 8 chars (target 60-80). | BRAND_NAME empty — needs manufacturer-source enrichment. | Classpath unresolved — needs classification review. | No attributes extracted — description too sparse or needs enrichment. | ANOMALY: Part_Manuf 'Appliance Dealers Cooperative' is a distributor/reseller and no manufacturer could be resolved from the brand — withheld pending review."
TC5003BN,False,0.09,True,True,0,"Part_Manuf 'Appliance Dealers Cooperative' looks like a distributor, not a manufacturer — withheld and flagged. | Product type/classpath unresolved by rules — needs AI classification or review. | Brand unresolved from input — needs manufacturer-source enrichment. | MOBILE_DESC is 8 chars (target 60-80). | BRAND_NAME empty — needs manufacturer-source enrichment. | Classpath unresolved — needs classification review. | No attributes extracted — description too sparse or needs enrichment. | ANOMALY: Part_Manuf 'Appliance Dealers Cooperative' is a distributor/reseller and no manufacturer could be resolved from the brand — withheld pending review."
TR7006WN,False,0.09,True,True,0,"Part_Manuf 'Appliance Dealers Cooperative' looks like a distributor, not a manufacturer — withheld and flagged. | Product type/classpath unresolved by rules — needs AI classification or review. | Brand unresolved from input — needs manufacturer-source enrichment. | MOBILE_DESC is 8 chars (target 60-80). | BRAND_NAME empty — needs manufacturer-source enrichment. | Classpath unresolved — needs classification review. | No attributes extracted — description too sparse or needs enrichment. | ANOMALY: Part_Manuf 'Appliance Dealers Cooperative' is a distributor/reseller and no manufacturer could be resolved from the brand — withheld pending review."
TR7006BN,False,0.09,True,True,0,"Part_Manuf 'Appliance Dealers Cooperative' looks like a distributor, not a manufacturer — withheld and flagged. | Product type/classpath unresolved by rules — needs AI classification or review. | Brand unresolved from input — needs manufacturer-source enrichment. | MOBILE_DESC is 8 chars (target 60-80). | BRAND_NAME empty — needs manufacturer-source enrichment. | Classpath unresolved — needs classification review. | No attributes extracted — description too sparse or needs enrichment. | ANOMALY: Part_Manuf 'Appliance Dealers Cooperative' is a distributor/reseller and no manufacturer could be resolved from the brand — withheld pending review."
TR5006WN,False,0.09,True,True,0,"Part_Manuf 'Appliance Dealers Cooperative' looks like a distributor, not a manufacturer — withheld and flagged. | Product type/classpath unresolved by rules — needs AI classification or review. | Brand unresolved from input — needs manufacturer-source enrichment. | MOBILE_DESC is 8 chars (target 60-80). | BRAND_NAME empty — needs manufacturer-source enrichment. | Classpath unresolved — needs classification review. | No attributes extracted — description too sparse or needs enrichment. | ANOMALY: Part_Manuf 'Appliance Dealers Cooperative' is a distributor/reseller and no manufacturer could be resolved from the brand — withheld pending review."
05134545001,False,0.19,True,False,0,Product type/classpath unresolved by rules — needs AI classification or review. | Brand unresolved from input — needs manufacturer-source enrichment. | MOBILE_DESC is 30 chars (target 60-80). | BRAND_NAME empty — needs manufacturer-source enrichment. | Classpath unresolved — needs classification review. | No attributes extracted — description too sparse or needs enrichment.
LNL65301,False,0.09,True,False,0,Product type/classpath unresolved by rules — needs AI classification or review. | Brand unresolved from input — needs manufacturer-source enrichment. | MOBILE_DESC is 8 chars (target 60-80). | BRAND_NAME empty — needs manufacturer-source enrichment. | Classpath unresolved — needs classification review. | No attributes extracted — description too sparse or needs enrichment.
25-A,False,0.19,True,False,0,Product type/classpath unresolved by rules — needs AI classification or review. | Brand unresolved from input — needs manufacturer-source enrichment. | MOBILE_DESC is 29 chars (target 60-80). | BRAND_NAME empty — needs manufacturer-source enrichment. | Classpath unresolved — needs classification review. | No attributes extracted — description too sparse or needs enrichment.
38-E,False,0.19,True,False,0,Product type/classpath unresolved by rules — needs AI classification or review. | Brand unresolved from input — needs manufacturer-source enrichment. | MOBILE_DESC is 29 chars (target 60-80). | BRAND_NAME empty — needs manufacturer-source enrichment. | Classpath unresolved — needs classification review. | No attributes extracted — description too sparse or needs enrichment.
59-J,False,0.19,True,False,0,Product type/classpath unresolved by rules — needs AI classification or review. | Brand unresolved from input — needs manufacturer-source enrichment. | MOBILE_DESC is 29 chars (target 60-80). | BRAND_NAME empty — needs manufacturer-source enrichment. | Classpath unresolved — needs classification review. | No attributes extracted — description too sparse or needs enrichment.
44-A,False,0.19,True,False,0,Product type/classpath unresolved by rules — needs AI classification or review. | Brand unresolved from input — needs manufacturer-source enrichment. | MOBILE_DESC is 29 chars (target 60-80). | BRAND_NAME empty — needs manufacturer-source enrichment. | Classpath unresolved — needs classification review. | No attributes extracted — description too sparse or needs enrichment.
543302126,False,0.19,True,False,0,Product type/classpath unresolved by rules — needs AI classification or review. | Brand unresolved from input — needs manufacturer-source enrichment. | MOBILE_DESC is 21 chars (target 60-80). | BRAND_NAME empty — needs manufacturer-source enrichment. | Classpath unresolved — needs classification review. | No attributes extracted — description too sparse or needs enrichment.
543302146,False,0.19,True,False,0,Product type/classpath unresolved by rules — needs AI classification or review. | Brand unresolved from input — needs manufacturer-source enrichment. | MOBILE_DESC is 21 chars (target 60-80). | BRAND_NAME empty — needs manufacturer-source enrichment. | Classpath unresolved — needs classification review. | No attributes extracted — description too sparse or needs enrichment.
73019603,False,0.09,True,False,0,Product type/classpath unresolved by rules — needs AI classification or review. | Brand unresolved from input — needs manufacturer-source enrichment. | MOBILE_DESC is 8 chars (target 60-80). | BRAND_NAME empty — needs manufacturer-source enrichment. | Classpath unresolved — needs classification review. | No attributes extracted — description too sparse or needs enrichment.
73019652,False,0.09,True,False,0,Product type/classpath unresolved by rules — needs AI classification or review. | Brand unresolved from input — needs manufacturer-source enrichment. | MOBILE_DESC is 8 chars (target 60-80). | BRAND_NAME empty — needs manufacturer-source enrichment. | Classpath unresolved — needs classification review. | No attributes extracted — description too sparse or needs enrichment.
73019517,False,0.09,True,False,0,Product type/classpath unresolved by rules — needs AI classification or review. | Brand unresolved from input — needs manufacturer-source enrichment. | MOBILE_DESC is 8 chars (target 60-80). | BRAND_NAME empty — needs manufacturer-source enrichment. | Classpath unresolved — needs classification review. | No attributes extracted — description too sparse or needs enrichment.
73019602,False,0.09,True,False,0,Product type/classpath unresolved by rules — needs AI classification or review. | Brand unresolved from input — needs manufacturer-source enrichment. | MOBILE_DESC is 8 chars (target 60-80). | BRAND_NAME empty — needs manufacturer-source enrichment. | Classpath unresolved — needs classification review. | No attributes extracted — description too sparse or needs enrichment.
73019651,False,0.09,True,False,0,Product type/classpath unresolved by rules — needs AI classification or review. | Brand unresolved from input — needs manufacturer-source enrichment. | MOBILE_DESC is 8 chars (target 60-80). | BRAND_NAME empty — needs manufacturer-source enrichment. | Classpath unresolved — needs classification review. | No attributes extracted — description too sparse or needs enrichment.
73019516,False,0.09,True,False,0,Product type/classpath unresolved by rules — needs AI classification or review. | Brand unresolved from input — needs manufacturer-source enrichment. | MOBILE_DESC is 8 chars (target 60-80). | BRAND_NAME empty — needs manufacturer-source enrichment. | Classpath unresolved — needs classification review. | No attributes extracted — description too sparse or needs enrichment.
543300256,False,0.19,True,False,0,Product type/classpath unresolved by rules — needs AI classification or review. | Brand unresolved from input — needs manufacturer-source enrichment. | MOBILE_DESC is 43 chars (target 60-80). | BRAND_NAME empty — needs manufacturer-source enrichment. | Classpath unresolved — needs classification review. | No attributes extracted — description too sparse or needs enrichment.
543300276,False,0.19,True,False,0,Product type/classpath unresolved by rules — needs AI classification or review. | Brand unresolved from input — needs manufacturer-source enrichment. | MOBILE_DESC is 43 chars (target 60-80). | BRAND_NAME empty — needs manufacturer-source enrichment. | Classpath unresolved — needs classification review. | No attributes extracted — description too sparse or needs enrichment.
73045028,False,0.09,True,False,0,Product type/classpath unresolved by rules — needs AI classification or review. | Brand unresolved from input — needs manufacturer-source enrichment. | MOBILE_DESC is 8 chars (target 60-80). | BRAND_NAME empty — needs manufacturer-source enrichment. | Classpath unresolved — needs classification review. | No attributes extracted — description too sparse or needs enrichment.
73045031,False,0.09,True,False,0,Product type/classpath unresolved by rules — needs AI classification or review. | Brand unresolved from input — needs manufacturer-source enrichment. | MOBILE_DESC is 8 chars (target 60-80). | BRAND_NAME empty — needs manufacturer-source enrichment. | Classpath unresolved — needs classification review. | No attributes extracted — description too sparse or needs enrichment.
543340126,False,0.19,True,False,0,Product type/classpath unresolved by rules — needs AI classification or review. | Brand unresolved from input — needs manufacturer-source enrichment. | MOBILE_DESC is 43 chars (target 60-80). | BRAND_NAME empty — needs manufacturer-source enrichment. | Classpath unresolved — needs classification review. | No attributes extracted — description too sparse or needs enrichment.
543340127,False,0.19,True,False,0,Product type/classpath unresolved by rules — needs AI classification or review. | Brand unresolved from input — needs manufacturer-source enrichment. | MOBILE_DESC is 43 chars (target 60-80). | BRAND_NAME empty — needs manufacturer-source enrichment. | Classpath unresolved — needs classification review. | No attributes extracted — description too sparse or needs enrichment.
543340146,False,0.19,True,False,0,Product type/classpath unresolved by rules — needs AI classification or review. | Brand unresolved from input — needs manufacturer-source enrichment. | MOBILE_DESC is 43 chars (target 60-80). | BRAND_NAME empty — needs manufacturer-source enrichment. | Classpath unresolved — needs classification review. | No attributes extracted — description too sparse or needs enrichment.
543340147,False,0.19,True,False,0,Product type/classpath unresolved by rules — needs AI classification or review. | Brand unresolved from input — needs manufacturer-source enrichment. | MOBILE_DESC is 43 chars (target 60-80). | BRAND_NAME empty — needs manufacturer-source enrichment. | Classpath unresolved — needs classification review. | No attributes extracted — description too sparse or needs enrichment.
ADB15516CS,False,0.19,True,False,0,Product type/classpath unresolved by rules — needs AI classification or review. | Brand unresolved from input — needs manufacturer-source enrichment. | MOBILE_DESC is 23 chars (target 60-80). | BRAND_NAME empty — needs manufacturer-source enrichment. | Classpath unresolved — needs classification review. | No attributes extracted — description too sparse or needs enrichment.
ADB15520CS,False,0.19,True,False,0,Product type/classpath unresolved by rules — needs AI classification or review. | Brand unresolved from input — needs manufacturer-source enrichment. | MOBILE_DESC is 23 chars (target 60-80). | BRAND_NAME empty — needs manufacturer-source enrichment. | Classpath unresolved — needs classification review. | No attributes extracted — description too sparse or needs enrichment.
ADB15516EW,False,0.19,True,False,0,Product type/classpath unresolved by rules — needs AI classification or review. | Brand unresolved from input — needs manufacturer-source enrichment. | MOBILE_DESC is 20 chars (target 60-80). | BRAND_NAME empty — needs manufacturer-source enrichment. | Classpath unresolved — needs classification review. | No attributes extracted — description too sparse or needs enrichment.
ADB15520EW,False,0.19,True,False,0,Product type/classpath unresolved by rules — needs AI classification or review. | Brand unresolved from input — needs manufacturer-source enrichment. | MOBILE_DESC is 20 chars (target 60-80). | BRAND_NAME empty — needs manufacturer-source enrichment. | Classpath unresolved — needs classification review. | No attributes extracted — description too sparse or needs enrichment.
ADB15516MH,False,0.19,True,False,0,Product type/classpath unresolved by rules — needs AI classification or review. | Brand unresolved from input — needs manufacturer-source enrichment. | MOBILE_DESC is 20 chars (target 60-80). | BRAND_NAME empty — needs manufacturer-source enrichment. | Classpath unresolved — needs classification review. | No attributes extracted — description too sparse or needs enrichment.
ADB15520MH,False,0.19,True,False,0,Product type/classpath unresolved by rules — needs AI classification or review. | Brand unresolved from input — needs manufacturer-source enrichment. | MOBILE_DESC is 20 chars (target 60-80). | BRAND_NAME empty — needs manufacturer-source enrichment. | Classpath unresolved — needs classification review. | No attributes extracted — description too sparse or needs enrichment.
ADB15516WT,False,0.19,True,False,0,Product type/classpath unresolved by rules — needs AI classification or review. | Brand unresolved from input — needs manufacturer-source enrichment. | MOBILE_DESC is 20 chars (target 60-80). | BRAND_NAME empty — needs manufacturer-source enrichment. | Classpath unresolved — needs classification review. | No attributes extracted — description too sparse or needs enrichment.
ADB15520WT,False,0.19,True,False,0,Product type/classpath unresolved by rules — needs AI classification or review. | Brand unresolved from input — needs manufacturer-source enrichment. | MOBILE_DESC is 20 chars (target 60-80). | BRAND_NAME empty — needs manufacturer-source enrichment. | Classpath unresolved — needs classification review. | No attributes extracted — description too sparse or needs enrichment.
AGB15512CS,False,0.19,True,False,0,Product type/classpath unresolved by rules — needs AI classification or review. | Brand unresolved from input — needs manufacturer-source enrichment. | MOBILE_DESC is 23 chars (target 60-80). | BRAND_NAME empty — needs manufacturer-source enrichment. | Classpath unresolved — needs classification review. | No attributes extracted — description too sparse or needs enrichment.
AGB15516CS,False,0.19,True,False,0,Product type/classpath unresolved by rules — needs AI classification or review. | Brand unresolved from input — needs manufacturer-source enrichment. | MOBILE_DESC is 23 chars (target 60-80). | BRAND_NAME empty — needs manufacturer-source enrichment. | Classpath unresolved — needs classification review. | No attributes extracted — description too sparse or needs enrichment.
AGB15520CS,False,0.19,True,False,0,Product type/classpath unresolved by rules — needs AI classification or review. | Brand unresolved from input — needs manufacturer-source enrichment. | MOBILE_DESC is 23 chars (target 60-80). | BRAND_NAME empty — needs manufacturer-source enrichment. | Classpath unresolved — needs classification review. | No attributes extracted — description too sparse or needs enrichment.
AGB15512EW,False,0.19,True,False,0,Product type/classpath unresolved by rules — needs AI classification or review. | Brand unresolved from input — needs manufacturer-source enrichment. | MOBILE_DESC is 20 chars (target 60-80). | BRAND_NAME empty — needs manufacturer-source enrichment. | Classpath unresolved — needs classification review. | No attributes extracted — description too sparse or needs enrichment.
AGB15516EW,False,0.19,True,False,0,Product type/classpath unresolved by rules — needs AI classification or review. | Brand unresolved from input — needs manufacturer-source enrichment. | MOBILE_DESC is 20 chars (target 60-80). | BRAND_NAME empty — needs manufacturer-source enrichment. | Classpath unresolved — needs classification review. | No attributes extracted — description too sparse or needs enrichment.
AGB15520EW,False,0.19,True,False,0,Product type/classpath unresolved by rules — needs AI classification or review. | Brand unresolved from input — needs manufacturer-source enrichment. | MOBILE_DESC is 20 chars (target 60-80). | BRAND_NAME empty — needs manufacturer-source enrichment. | Classpath unresolved — needs classification review. | No attributes extracted — description too sparse or needs enrichment.
AGB15512MH,False,0.19,True,False,0,Product type/classpath unresolved by rules — needs AI classification or review. | Brand unresolved from input — needs manufacturer-source enrichment. | MOBILE_DESC is 20 chars (target 60-80). | BRAND_NAME empty — needs manufacturer-source enrichment. | Classpath unresolved — needs classification review. | No attributes extracted — description too sparse or needs enrichment.
AGB15516MH,False,0.19,True,False,0,Product type/classpath unresolved by rules — needs AI classification or review. | Brand unresolved from input — needs manufacturer-source enrichment. | MOBILE_DESC is 20 chars (target 60-80). | BRAND_NAME empty — needs manufacturer-source enrichment. | Classpath unresolved — needs classification review. | No attributes extracted — description too sparse or needs enrichment.
AGB15520MH,False,0.19,True,False,0,Product type/classpath unresolved by rules — needs AI classification or review. | Brand unresolved from input — needs manufacturer-source enrichment. | MOBILE_DESC is 20 chars (target 60-80). | BRAND_NAME empty — needs manufacturer-source enrichment. | Classpath unresolved — needs classification review. | No attributes extracted — description too sparse or needs enrichment.
AGB15512WT,False,0.19,True,False,0,Product type/classpath unresolved by rules — needs AI classification or review. | Brand unresolved from input — needs manufacturer-source enrichment. | MOBILE_DESC is 20 chars (target 60-80). | BRAND_NAME empty — needs manufacturer-source enrichment. | Classpath unresolved — needs classification review. | No attributes extracted — description too sparse or needs enrichment.
AGB15516WT,False,0.19,True,False,0,Product type/classpath unresolved by rules — needs AI classification or review. | Brand unresolved from input — needs manufacturer-source enrichment. | MOBILE_DESC is 20 chars (target 60-80). | BRAND_NAME empty — needs manufacturer-source enrichment. | Classpath unresolved — needs classification review. | No attributes extracted — description too sparse or needs enrichment.
AGB15520WT,False,0.19,True,False,0,Product type/classpath unresolved by rules — needs AI classification or review. | Brand unresolved from input — needs manufacturer-source enrichment. | MOBILE_DESC is 20 chars (target 60-80). | BRAND_NAME empty — needs manufacturer-source enrichment. | Classpath unresolved — needs classification review. | No attributes extracted — description too sparse or needs enrichment.
ADB15516AW,False,0.19,True,False,0,Product type/classpath unresolved by rules — needs AI classification or review. | Brand unresolved from input — needs manufacturer-source enrichment. | MOBILE_DESC is 20 chars (target 60-80). | BRAND_NAME empty — needs manufacturer-source enrichment. | Classpath unresolved — needs classification review. | No attributes extracted — description too sparse or needs enrichment.
ADB15520AW,False,0.19,True,False,0,Product type/classpath unresolved by rules — needs AI classification or review. | Brand unresolved from input — needs manufacturer-source enrichment. | MOBILE_DESC is 20 chars (target 60-80). | BRAND_NAME empty — needs manufacturer-source enrichment. | Classpath unresolved — needs classification review. | No attributes extracted — description too sparse or needs enrichment.
ADB15516CG,False,0.19,True,False,0,Product type/classpath unresolved by rules — needs AI classification or review. | Brand unresolved from input — needs manufacturer-source enrichment. | MOBILE_DESC is 20 chars (target 60-80). | BRAND_NAME empty — needs manufacturer-source enrichment. | Classpath unresolved — needs classification review. | No attributes extracted — description too sparse or needs enrichment.
ADB15520CG,False,0.19,True,False,0,Product type/classpath unresolved by rules — needs AI classification or review. | Brand unresolved from input — needs manufacturer-source enrichment. | MOBILE_DESC is 20 chars (target 60-80). | BRAND_NAME empty — needs manufacturer-source enrichment. | Classpath unresolved — needs classification review. | No attributes extracted — description too sparse or needs enrichment.
ADB15516FW,False,0.19,True,False,0,Product type/classpath unresolved by rules — needs AI classification or review. | Brand unresolved from input — needs manufacturer-source enrichment. | MOBILE_DESC is 20 chars (target 60-80). | BRAND_NAME empty — needs manufacturer-source enrichment. | Classpath unresolved — needs classification review. | No attributes extracted — description too sparse or needs enrichment.
ADB15520FW,False,0.19,True,False,0,Product type/classpath unresolved by rules — needs AI classification or review. | Brand unresolved from input — needs manufacturer-source enrichment. | MOBILE_DESC is 20 chars (target 60-80). | BRAND_NAME empty — needs manufacturer-source enrichment. | Classpath unresolved — needs classification review. | No attributes extracted — description too sparse or needs enrichment.
AGB15512AW,False,0.19,True,False,0,Product type/classpath unresolved by rules — needs AI classification or review. | Brand unresolved from input — needs manufacturer-source enrichment. | MOBILE_DESC is 20 chars (target 60-80). | BRAND_NAME empty — needs manufacturer-source enrichment. | Classpath unresolved — needs classification review. | No attributes extracted — description too sparse or needs enrichment.
AGB15516AW,False,0.19,True,False,0,Product type/classpath unresolved by rules — needs AI classification or review. | Brand unresolved from input — needs manufacturer-source enrichment. | MOBILE_DESC is 20 chars (target 60-80). | BRAND_NAME empty — needs manufacturer-source enrichment. | Classpath unresolved — needs classification review. | No attributes extracted — description too sparse or needs enrichment.
AGB15520AW,False,0.19,True,False,0,Product type/classpath unresolved by rules — needs AI classification or review. | Brand unresolved from input — needs manufacturer-source enrichment. | MOBILE_DESC is 20 chars (target 60-80). | BRAND_NAME empty — needs manufacturer-source enrichment. | Classpath unresolved — needs classification review. | No attributes extracted — description too sparse or needs enrichment.
AGB15512CG,False,0.19,True,False,0,Product type/classpath unresolved by rules — needs AI classification or review. | Brand unresolved from input — needs manufacturer-source enrichment. | MOBILE_DESC is 20 chars (target 60-80). | BRAND_NAME empty — needs manufacturer-source enrichment. | Classpath unresolved — needs classification review. | No attributes extracted — description too sparse or needs enrichment.
AGB15516CG,False,0.19,True,False,0,Product type/classpath unresolved by rules — needs AI classification or review. | Brand unresolved from input — needs manufacturer-source enrichment. | MOBILE_DESC is 20 chars (target 60-80). | BRAND_NAME empty — needs manufacturer-source enrichment. | Classpath unresolved — needs classification review. | No attributes extracted — description too sparse or needs enrichment.
AGB15520CG,False,0.19,True,False,0,Product type/classpath unresolved by rules — needs AI classification or review. | Brand unresolved from input — needs manufacturer-source enrichment. | MOBILE_DESC is 20 chars (target 60-80). | BRAND_NAME empty — needs manufacturer-source enrichment. | Classpath unresolved — needs classification review. | No attributes extracted — description too sparse or needs enrichment.
AGB15512FW,False,0.19,True,False,0,Product type/classpath unresolved by rules — needs AI classification or review. | Brand unresolved from input — needs manufacturer-source enrichment. | MOBILE_DESC is 20 chars (target 60-80). | BRAND_NAME empty — needs manufacturer-source enrichment. | Classpath unresolved — needs classification review. | No attributes extracted — description too sparse or needs enrichment.
AGB15516FW,False,0.19,True,False,0,Product type/classpath unresolved by rules — needs AI classification or review. | Brand unresolved from input — needs manufacturer-source enrichment. | MOBILE_DESC is 20 chars (target 60-80). | BRAND_NAME empty — needs manufacturer-source enrichment. | Classpath unresolved — needs classification review. | No attributes extracted — description too sparse or needs enrichment.
AGB15520FW,False,0.19,True,False,0,Product type/classpath unresolved by rules — needs AI classification or review. | Brand unresolved from input — needs manufacturer-source enrichment. | MOBILE_DESC is 20 chars (target 60-80). | BRAND_NAME empty — needs manufacturer-source enrichment. | Classpath unresolved — needs classification review. | No attributes extracted — description too sparse or needs enrichment.
ADCB15516BS,False,0.19,True,False,0,Product type/classpath unresolved by rules — needs AI classification or review. | Brand unresolved from input — needs manufacturer-source enrichment. | MOBILE_DESC is 21 chars (target 60-80). | BRAND_NAME empty — needs manufacturer-source enrichment. | Classpath unresolved — needs classification review. | No attributes extracted — description too sparse or needs enrichment.
ADCB15520BS,False,0.19,True,False,0,Product type/classpath unresolved by rules — needs AI classification or review. | Brand unresolved from input — needs manufacturer-source enrichment. | MOBILE_DESC is 21 chars (target 60-80). | BRAND_NAME empty — needs manufacturer-source enrichment. | Classpath unresolved — needs classification review. | No attributes extracted — description too sparse or needs enrichment.
ADCB15516SG,False,0.19,True,False,0,Product type/classpath unresolved by rules — needs AI classification or review. | Brand unresolved from input — needs manufacturer-source enrichment. | MOBILE_DESC is 21 chars (target 60-80). | BRAND_NAME empty — needs manufacturer-source enrichment. | Classpath unresolved — needs classification review. | No attributes extracted — description too sparse or needs enrichment.
ADCB15520SG,False,0.19,True,False,0,Product type/classpath unresolved by rules — needs AI classification or review. | Brand unresolved from input — needs manufacturer-source enrichment. | MOBILE_DESC is 21 chars (target 60-80). | BRAND_NAME empty — needs manufacturer-source enrichment. | Classpath unresolved — needs classification review. | No attributes extracted — description too sparse or needs enrichment.
AGB15512BS,False,0.19,True,False,0,Product type/classpath unresolved by rules — needs AI classification or review. | Brand unresolved from input — needs manufacturer-source enrichment. | MOBILE_DESC is 20 chars (target 60-80). | BRAND_NAME empty — needs manufacturer-source enrichment. | Classpath unresolved — needs classification review. | No attributes extracted — description too sparse or needs enrichment.
AGB15516BS,False,0.19,True,False,0,Product type/classpath unresolved by rules — needs AI classification or review. | Brand unresolved from input — needs manufacturer-source enrichment. | MOBILE_DESC is 20 chars (target 60-80). | BRAND_NAME empty — needs manufacturer-source enrichment. | Classpath unresolved — needs classification review. | No attributes extracted — description too sparse or needs enrichment.
AGB15520BS,False,0.19,True,False,0,Product type/classpath unresolved by rules — needs AI classification or review. | Brand unresolved from input — needs manufacturer-source enrichment. | MOBILE_DESC is 20 chars (target 60-80). | BRAND_NAME empty — needs manufacturer-source enrichment. | Classpath unresolved — needs classification review. | No attributes extracted — description too sparse or needs enrichment.
AGB15512SG,False,0.19,True,False,0,Product type/classpath unresolved by rules — needs AI classification or review. | Brand unresolved from input — needs manufacturer-source enrichment. | MOBILE_DESC is 20 chars (target 60-80). | BRAND_NAME empty — needs manufacturer-source enrichment. | Classpath unresolved — needs classification review. | No attributes extracted — description too sparse or needs enrichment.
AGB15516SG,False,0.19,True,False,0,Product type/classpath unresolved by rules — needs AI classification or review. | Brand unresolved from input — needs manufacturer-source enrichment. | MOBILE_DESC is 20 chars (target 60-80). | BRAND_NAME empty — needs manufacturer-source enrichment. | Classpath unresolved — needs classification review. | No attributes extracted — description too sparse or needs enrichment.
AGB15520SG,False,0.19,True,False,0,Product type/classpath unresolved by rules — needs AI classification or review. | Brand unresolved from input — needs manufacturer-source enrichment. | MOBILE_DESC is 20 chars (target 60-80). | BRAND_NAME empty — needs manufacturer-source enrichment. | Classpath unresolved — needs classification review. | No attributes extracted — description too sparse or needs enrichment.
543140016,False,0.19,True,False,0,Product type/classpath unresolved by rules — needs AI classification or review. | Brand unresolved from input — needs manufacturer-source enrichment. | MOBILE_DESC is 21 chars (target 60-80). | BRAND_NAME empty — needs manufacturer-source enrichment. | Classpath unresolved — needs classification review. | No attributes extracted — description too sparse or needs enrichment.
543140020,False,0.19,True,False,0,Product type/classpath unresolved by rules — needs AI classification or review. | Brand unresolved from input — needs manufacturer-source enrichment. | MOBILE_DESC is 21 chars (target 60-80). | BRAND_NAME empty — needs manufacturer-source enrichment. | Classpath unresolved — needs classification review. | No attributes extracted — description too sparse or needs enrichment.
543142016,False,0.19,True,False,0,Product type/classpath unresolved by rules — needs AI classification or review. | Brand unresolved from input — needs manufacturer-source enrichment. | MOBILE_DESC is 21 chars (target 60-80). | BRAND_NAME empty — needs manufacturer-source enrichment. | Classpath unresolved — needs classification review. | No attributes extracted — description too sparse or needs enrichment.
543142020,False,0.19,True,False,0,Product type/classpath unresolved by rules — needs AI classification or review. | Brand unresolved from input — needs manufacturer-source enrichment. | MOBILE_DESC is 21 chars (target 60-80). | BRAND_NAME empty — needs manufacturer-source enrichment. | Classpath unresolved — needs classification review. | No attributes extracted — description too sparse or needs enrichment.
543144016,False,0.19,True,False,0,Product type/classpath unresolved by rules — needs AI classification or review. | Brand unresolved from input — needs manufacturer-source enrichment. | MOBILE_DESC is 21 chars (target 60-80). | BRAND_NAME empty — needs manufacturer-source enrichment. | Classpath unresolved — needs classification review. | No attributes extracted — description too sparse or needs enrichment.
543144020,False,0.19,True,False,0,Product type/classpath unresolved by rules — needs AI classification or review. | Brand unresolved from input — needs manufacturer-source enrichment. | MOBILE_DESC is 21 chars (target 60-80). | BRAND_NAME empty — needs manufacturer-source enrichment. | Classpath unresolved — needs classification review. | No attributes extracted — description too sparse or needs enrichment.
543143016,False,0.19,True,False,0,Product type/classpath unresolved by rules — needs AI classification or review. | Brand unresolved from input — needs manufacturer-source enrichment. | MOBILE_DESC is 21 chars (target 60-80). | BRAND_NAME empty — needs manufacturer-source enrichment. | Classpath unresolved — needs classification review. | No attributes extracted — description too sparse or needs enrichment.
543143020,False,0.19,True,False,0,Product type/classpath unresolved by rules — needs AI classification or review. | Brand unresolved from input — needs manufacturer-source enrichment. | MOBILE_DESC is 21 chars (target 60-80). | BRAND_NAME empty — needs manufacturer-source enrichment. | Classpath unresolved — needs classification review. | No attributes extracted — description too sparse or needs enrichment.
543141016,False,0.19,True,False,0,Product type/classpath unresolved by rules — needs AI classification or review. | Brand unresolved from input — needs manufacturer-source enrichment. | MOBILE_DESC is 21 chars (target 60-80). | BRAND_NAME empty — needs manufacturer-source enrichment. | Classpath unresolved — needs classification review. | No attributes extracted — description too sparse or needs enrichment.
543141020,False,0.19,True,False,0,Product type/classpath unresolved by rules — needs AI classification or review. | Brand unresolved from input — needs manufacturer-source enrichment. | MOBILE_DESC is 21 chars (target 60-80). | BRAND_NAME empty — needs manufacturer-source enrichment. | Classpath unresolved — needs classification review. | No attributes extracted — description too sparse or needs enrichment.
543140412,False,0.19,True,False,0,Product type/classpath unresolved by rules — needs AI classification or review. | Brand unresolved from input — needs manufacturer-source enrichment. | MOBILE_DESC is 21 chars (target 60-80). | BRAND_NAME empty — needs manufacturer-source enrichment. | Classpath unresolved — needs classification review. | No attributes extracted — description too sparse or needs enrichment.
543140416,False,0.19,True,False,0,Product type/classpath unresolved by rules — needs AI classification or review. | Brand unresolved from input — needs manufacturer-source enrichment. | MOBILE_DESC is 21 chars (target 60-80). | BRAND_NAME empty — needs manufacturer-source enrichment. | Classpath unresolved — needs classification review. | No attributes extracted — description too sparse or needs enrichment.
543140420,False,0.19,True,False,0,Product type/classpath unresolved by rules — needs AI classification or review. | Brand unresolved from input — needs manufacturer-source enrichment. | MOBILE_DESC is 21 chars (target 60-80). | BRAND_NAME empty — needs manufacturer-source enrichment. | Classpath unresolved — needs classification review. | No attributes extracted — description too sparse or needs enrichment.
543142412,False,0.19,True,False,0,Product type/classpath unresolved by rules — needs AI classification or review. | Brand unresolved from input — needs manufacturer-source enrichment. | MOBILE_DESC is 21 chars (target 60-80). | BRAND_NAME empty — needs manufacturer-source enrichment. | Classpath unresolved — needs classification review. | No attributes extracted — description too sparse or needs enrichment.
543142416,False,0.19,True,False,0,Product type/classpath unresolved by rules — needs AI classification or review. | Brand unresolved from input — needs manufacturer-source enrichment. | MOBILE_DESC is 21 chars (target 60-80). | BRAND_NAME empty — needs manufacturer-source enrichment. | Classpath unresolved — needs classification review. | No attributes extracted — description too sparse or needs enrichment.
543142420,False,0.19,True,False,0,Product type/classpath unresolved by rules — needs AI classification or review. | Brand unresolved from input — needs manufacturer-source enrichment. | MOBILE_DESC is 21 chars (target 60-80). | BRAND_NAME empty — needs manufacturer-source enrichment. | Classpath unresolved — needs classification review. | No attributes extracted — description too sparse or needs enrichment.
543144412,False,0.19,True,False,0,Product type/classpath unresolved by rules — needs AI classification or review. | Brand unresolved from input — needs manufacturer-source enrichment. | MOBILE_DESC is 21 chars (target 60-80). | BRAND_NAME empty — needs manufacturer-source enrichment. | Classpath unresolved — needs classification review. | No attributes extracted — description too sparse or needs enrichment.
543144416,False,0.19,True,False,0,Product type/classpath unresolved by rules — needs AI classification or review. | Brand unresolved from input — needs manufacturer-source enrichment. | MOBILE_DESC is 21 chars (target 60-80). | BRAND_NAME empty — needs manufacturer-source enrichment. | Classpath unresolved — needs classification review. | No attributes extracted — description too sparse or needs enrichment.
543144420,False,0.19,True,False,0,Product type/classpath unresolved by rules — needs AI classification or review. | Brand unresolved from input — needs manufacturer-source enrichment. | MOBILE_DESC is 21 chars (target 60-80). | BRAND_NAME empty — needs manufacturer-source enrichment. | Classpath unresolved — needs classification review. | No attributes extracted — description too sparse or needs enrichment.
543143412,False,0.19,True,False,0,Product type/classpath unresolved by rules — needs AI classification or review. | Brand unresolved from input — needs manufacturer-source enrichment. | MOBILE_DESC is 21 chars (target 60-80). | BRAND_NAME empty — needs manufacturer-source enrichment. | Classpath unresolved — needs classification review. | No attributes extracted — description too sparse or needs enrichment.
543143416,False,0.19,True,False,0,Product type/classpath unresolved by rules — needs AI classification or review. | Brand unresolved from input — needs manufacturer-source enrichment. | MOBILE_DESC is 21 chars (target 60-80). | BRAND_NAME empty — needs manufacturer-source enrichment. | Classpath unresolved — needs classification review. | No attributes extracted — description too sparse or needs enrichment.
543143420,False,0.19,True,False,0,Product type/classpath unresolved by rules — needs AI classification or review. | Brand unresolved from input — needs manufacturer-source enrichment. | MOBILE_DESC is 21 chars (target 60-80). | BRAND_NAME empty — needs manufacturer-source enrichment. | Classpath unresolved — needs classification review. | No attributes extracted — description too sparse or needs enrichment.
543141412,False,0.19,True,False,0,Product type/classpath unresolved by rules — needs AI classification or review. | Brand unresolved from input — needs manufacturer-source enrichment. | MOBILE_DESC is 21 chars (target 60-80). | BRAND_NAME empty — needs manufacturer-source enrichment. | Classpath unresolved — needs classification review. | No attributes extracted — description too sparse or needs enrichment.
543141416,False,0.19,True,False,0,Product type/classpath unresolved by rules — needs AI classification or review. | Brand unresolved from input — needs manufacturer-source enrichment. | MOBILE_DESC is 21 chars (target 60-80). | BRAND_NAME empty — needs manufacturer-source enrichment. | Classpath unresolved — needs classification review. | No attributes extracted — description too sparse or needs enrichment.
543141420,False,0.19,True,False,0,Product type/classpath unresolved by rules — needs AI classification or review. | Brand unresolved from input — needs manufacturer-source enrichment. | MOBILE_DESC is 21 chars (target 60-80). | BRAND_NAME empty — needs manufacturer-source enrichment. | Classpath unresolved — needs classification review. | No attributes extracted — description too sparse or needs enrichment.
1513703,False,0.19,True,False,0,Product type/classpath unresolved by rules — needs AI classification or review. | Brand unresolved from input — needs manufacturer-source enrichment. | MOBILE_DESC is 41 chars (target 60-80). | BRAND_NAME empty — needs manufacturer-source enrichment. | Classpath unresolved — needs classification review. | No attributes extracted — description too sparse or needs enrichment.
1513704,False,0.19,True,False,0,Product type/classpath unresolved by rules — needs AI classification or review. | Brand unresolved from input — needs manufacturer-source enrichment. | MOBILE_DESC is 41 chars (target 60-80). | BRAND_NAME empty — needs manufacturer-source enrichment. | Classpath unresolved — needs classification review. | No attributes extracted — description too sparse or needs enrichment.
1513705,False,0.19,True,False,0,Product type/classpath unresolved by rules — needs AI classification or review. | Brand unresolved from input — needs manufacturer-source enrichment. | MOBILE_DESC is 41 chars (target 60-80). | BRAND_NAME empty — needs manufacturer-source enrichment. | Classpath unresolved — needs classification review. | No attributes extracted — description too sparse or needs enrichment.
1513706,False,0.19,True,False,0,Product type/classpath unresolved by rules — needs AI classification or review. | Brand unresolved from input — needs manufacturer-source enrichment. | MOBILE_DESC is 41 chars (target 60-80). | BRAND_NAME empty — needs manufacturer-source enrichment. | Classpath unresolved — needs classification review. | No attributes extracted — description too sparse or needs enrichment.
1513707,False,0.19,True,False,0,Product type/classpath unresolved by rules — needs AI classification or review. | Brand unresolved from input — needs manufacturer-source enrichment. | MOBILE_DESC is 41 chars (target 60-80). | BRAND_NAME empty — needs manufacturer-source enrichment. | Classpath unresolved — needs classification review. | No attributes extracted — description too sparse or needs enrichment.
1513708,False,0.19,True,False,0,Product type/classpath unresolved by rules — needs AI classification or review. | Brand unresolved from input — needs manufacturer-source enrichment. | MOBILE_DESC is 41 chars (target 60-80). | BRAND_NAME empty — needs manufacturer-source enrichment. | Classpath unresolved — needs classification review. | No attributes extracted — description too sparse or needs enrichment.
1513709,False,0.19,True,False,0,Product type/classpath unresolved by rules — needs AI classification or review. | Brand unresolved from input — needs manufacturer-source enrichment. | MOBILE_DESC is 41 chars (target 60-80). | BRAND_NAME empty — needs manufacturer-source enrichment. | Classpath unresolved — needs classification review. | No attributes extracted — description too sparse or needs enrichment.
1513710,False,0.19,True,False,0,Product type/classpath unresolved by rules — needs AI classification or review. | Brand unresolved from input — needs manufacturer-source enrichment. | MOBILE_DESC is 41 chars (target 60-80). | BRAND_NAME empty — needs manufacturer-source enrichment. | Classpath unresolved — needs classification review. | No attributes extracted — description too sparse or needs enrichment.
1513711,False,0.19,True,False,0,Product type/classpath unresolved by rules — needs AI classification or review. | Brand unresolved from input — needs manufacturer-source enrichment. | MOBILE_DESC is 41 chars (target 60-80). | BRAND_NAME empty — needs manufacturer-source enrichment. | Classpath unresolved — needs classification review. | No attributes extracted — description too sparse or needs enrichment.
1513712,False,0.19,True,False,0,Product type/classpath unresolved by rules — needs AI classification or review. | Brand unresolved from input — needs manufacturer-source enrichment. | MOBILE_DESC is 41 chars (target 60-80). | BRAND_NAME empty — needs manufacturer-source enrichment. | Classpath unresolved — needs classification review. | No attributes extracted — description too sparse or needs enrichment.
1513717,False,0.19,True,False,0,Product type/classpath unresolved by rules — needs AI classification or review. | Brand unresolved from input — needs manufacturer-source enrichment. | MOBILE_DESC is 41 chars (target 60-80). | BRAND_NAME empty — needs manufacturer-source enrichment. | Classpath unresolved — needs classification review. | No attributes extracted — description too sparse or needs enrichment.
1513718,False,0.19,True,False,0,Product type/classpath unresolved by rules — needs AI classification or review. | Brand unresolved from input — needs manufacturer-source enrichment. | MOBILE_DESC is 41 chars (target 60-80). | BRAND_NAME empty — needs manufacturer-source enrichment. | Classpath unresolved — needs classification review. | No attributes extracted — description too sparse or needs enrichment.
1513719,False,0.19,True,False,0,Product type/classpath unresolved by rules — needs AI classification or review. | Brand unresolved from input — needs manufacturer-source enrichment. | MOBILE_DESC is 41 chars (target 60-80). | BRAND_NAME empty — needs manufacturer-source enrichment. | Classpath unresolved — needs classification review. | No attributes extracted — description too sparse or needs enrichment.
1513720,False,0.19,True,False,0,Product type/classpath unresolved by rules — needs AI classification or review. | Brand unresolved from input — needs manufacturer-source enrichment. | MOBILE_DESC is 41 chars (target 60-80). | BRAND_NAME empty — needs manufacturer-source enrichment. | Classpath unresolved — needs classification review. | No attributes extracted — description too sparse or needs enrichment.
1513721,False,0.19,True,False,0,Product type/classpath unresolved by rules — needs AI classification or review. | Brand unresolved from input — needs manufacturer-source enrichment. | MOBILE_DESC is 41 chars (target 60-80). | BRAND_NAME empty — needs manufacturer-source enrichment. | Classpath unresolved — needs classification review. | No attributes extracted — description too sparse or needs enrichment.
1513724,False,0.19,True,False,0,Product type/classpath unresolved by rules — needs AI classification or review. | Brand unresolved from input — needs manufacturer-source enrichment. | MOBILE_DESC is 41 chars (target 60-80). | BRAND_NAME empty — needs manufacturer-source enrichment. | Classpath unresolved — needs classification review. | No attributes extracted — description too sparse or needs enrichment.
1513725,False,0.19,True,False,0,Product type/classpath unresolved by rules — needs AI classification or review. | Brand unresolved from input — needs manufacturer-source enrichment. | MOBILE_DESC is 41 chars (target 60-80). | BRAND_NAME empty — needs manufacturer-source enrichment. | Classpath unresolved — needs classification review. | No attributes extracted — description too sparse or needs enrichment.
1513726,False,0.19,True,False,0,Product type/classpath unresolved by rules — needs AI classification or review. | Brand unresolved from input — needs manufacturer-source enrichment. | MOBILE_DESC is 41 chars (target 60-80). | BRAND_NAME empty — needs manufacturer-source enrichment. | Classpath unresolved — needs classification review. | No attributes extracted — description too sparse or needs enrichment.
1513727,False,0.19,True,False,0,Product type/classpath unresolved by rules — needs AI classification or review. | Brand unresolved from input — needs manufacturer-source enrichment. | MOBILE_DESC is 41 chars (target 60-80). | BRAND_NAME empty — needs manufacturer-source enrichment. | Classpath unresolved — needs classification review. | No attributes extracted — description too sparse or needs enrichment.
1513728,False,0.19,True,False,0,Product type/classpath unresolved by rules — needs AI classification or review. | Brand unresolved from input — needs manufacturer-source enrichment. | MOBILE_DESC is 41 chars (target 60-80). | BRAND_NAME empty — needs manufacturer-source enrichment. | Classpath unresolved — needs classification review. | No attributes extracted — description too sparse or needs enrichment.
543076016,False,0.19,True,False,0,Product type/classpath unresolved by rules — needs AI classification or review. | Brand unresolved from input — needs manufacturer-source enrichment. | MOBILE_DESC is 43 chars (target 60-80). | BRAND_NAME empty — needs manufacturer-source enrichment. | Classpath unresolved — needs classification review. | No attributes extracted — description too sparse or needs enrichment.
543076020,False,0.19,True,False,0,Product type/classpath unresolved by rules — needs AI classification or review. | Brand unresolved from input — needs manufacturer-source enrichment. | MOBILE_DESC is 43 chars (target 60-80). | BRAND_NAME empty — needs manufacturer-source enrichment. | Classpath unresolved — needs classification review. | No attributes extracted — description too sparse or needs enrichment.
543076412,False,0.19,True,False,0,Product type/classpath unresolved by rules — needs AI classification or review. | Brand unresolved from input — needs manufacturer-source enrichment. | MOBILE_DESC is 43 chars (target 60-80). | BRAND_NAME empty — needs manufacturer-source enrichment. | Classpath unresolved — needs classification review. | No attributes extracted — description too sparse or needs enrichment.
543076416,False,0.19,True,False,0,Product type/classpath unresolved by rules — needs AI classification or review. | Brand unresolved from input — needs manufacturer-source enrichment. | MOBILE_DESC is 43 chars (target 60-80). | BRAND_NAME empty — needs manufacturer-source enrichment. | Classpath unresolved — needs classification review. | No attributes extracted — description too sparse or needs enrichment.
543076420,False,0.19,True,False,0,Product type/classpath unresolved by rules — needs AI classification or review. | Brand unresolved from input — needs manufacturer-source enrichment. | MOBILE_DESC is 43 chars (target 60-80). | BRAND_NAME empty — needs manufacturer-source enrichment. | Classpath unresolved — needs classification review. | No attributes extracted — description too sparse or needs enrichment.
1516870,False,0.19,True,False,0,Product type/classpath unresolved by rules — needs AI classification or review. | Brand unresolved from input — needs manufacturer-source enrichment. | MOBILE_DESC is 41 chars (target 60-80). | BRAND_NAME empty — needs manufacturer-source enrichment. | Classpath unresolved — needs classification review. | No attributes extracted — description too sparse or needs enrichment.
1516871,False,0.19,True,False,0,Product type/classpath unresolved by rules — needs AI classification or review. | Brand unresolved from input — needs manufacturer-source enrichment. | MOBILE_DESC is 41 chars (target 60-80). | BRAND_NAME empty — needs manufacturer-source enrichment. | Classpath unresolved — needs classification review. | No attributes extracted — description too sparse or needs enrichment.
1516872,False,0.19,True,False,0,Product type/classpath unresolved by rules — needs AI classification or review. | Brand unresolved from input — needs manufacturer-source enrichment. | MOBILE_DESC is 41 chars (target 60-80). | BRAND_NAME empty — needs manufacturer-source enrichment. | Classpath unresolved — needs classification review. | No attributes extracted — description too sparse or needs enrichment.
1516873,False,0.19,True,False,0,Product type/classpath unresolved by rules — needs AI classification or review. | Brand unresolved from input — needs manufacturer-source enrichment. | MOBILE_DESC is 41 chars (target 60-80). | BRAND_NAME empty — needs manufacturer-source enrichment. | Classpath unresolved — needs classification review. | No attributes extracted — description too sparse or needs enrichment.
1516874,False,0.19,True,False,0,Product type/classpath unresolved by rules — needs AI classification or review. | Brand unresolved from input — needs manufacturer-source enrichment. | MOBILE_DESC is 41 chars (target 60-80). | BRAND_NAME empty — needs manufacturer-source enrichment. | Classpath unresolved — needs classification review. | No attributes extracted — description too sparse or needs enrichment.
1516879,False,0.19,True,False,0,Product type/classpath unresolved by rules — needs AI classification or review. | Brand unresolved from input — needs manufacturer-source enrichment. | MOBILE_DESC is 41 chars (target 60-80). | BRAND_NAME empty — needs manufacturer-source enrichment. | Classpath unresolved — needs classification review. | No attributes extracted — description too sparse or needs enrichment.
1516880,False,0.19,True,False,0,Product type/classpath unresolved by rules — needs AI classification or review. | Brand unresolved from input — needs manufacturer-source enrichment. | MOBILE_DESC is 41 chars (target 60-80). | BRAND_NAME empty — needs manufacturer-source enrichment. | Classpath unresolved — needs classification review. | No attributes extracted — description too sparse or needs enrichment.
1516881,False,0.19,True,False,0,Product type/classpath unresolved by rules — needs AI classification or review. | Brand unresolved from input — needs manufacturer-source enrichment. | MOBILE_DESC is 41 chars (target 60-80). | BRAND_NAME empty — needs manufacturer-source enrichment. | Classpath unresolved — needs classification review. | No attributes extracted — description too sparse or needs enrichment.
1516882,False,0.19,True,False,0,Product type/classpath unresolved by rules — needs AI classification or review. | Brand unresolved from input — needs manufacturer-source enrichment. | MOBILE_DESC is 41 chars (target 60-80). | BRAND_NAME empty — needs manufacturer-source enrichment. | Classpath unresolved — needs classification review. | No attributes extracted — description too sparse or needs enrichment.
1516883,False,0.19,True,False,0,Product type/classpath unresolved by rules — needs AI classification or review. | Brand unresolved from input — needs manufacturer-source enrichment. | MOBILE_DESC is 41 chars (target 60-80). | BRAND_NAME empty — needs manufacturer-source enrichment. | Classpath unresolved — needs classification review. | No attributes extracted — description too sparse or needs enrichment.
543005016,False,0.19,True,False,0,Product type/classpath unresolved by rules — needs AI classification or review. | Brand unresolved from input — needs manufacturer-source enrichment. | MOBILE_DESC is 43 chars (target 60-80). | BRAND_NAME empty — needs manufacturer-source enrichment. | Classpath unresolved — needs classification review. | No attributes extracted — description too sparse or needs enrichment.
543005020,False,0.19,True,False,0,Product type/classpath unresolved by rules — needs AI classification or review. | Brand unresolved from input — needs manufacturer-source enrichment. | MOBILE_DESC is 43 chars (target 60-80). | BRAND_NAME empty — needs manufacturer-source enrichment. | Classpath unresolved — needs classification review. | No attributes extracted — description too sparse or needs enrichment.
543005412,False,0.19,True,False,0,Product type/classpath unresolved by rules — needs AI classification or review. | Brand unresolved from input — needs manufacturer-source enrichment. | MOBILE_DESC is 43 chars (target 60-80). | BRAND_NAME empty — needs manufacturer-source enrichment. | Classpath unresolved — needs classification review. | No attributes extracted — description too sparse or needs enrichment.
543005416,False,0.19,True,False,0,Product type/classpath unresolved by rules — needs AI classification or review. | Brand unresolved from input — needs manufacturer-source enrichment. | MOBILE_DESC is 43 chars (target 60-80). | BRAND_NAME empty — needs manufacturer-source enrichment. | Classpath unresolved — needs classification review. | No attributes extracted — description too sparse or needs enrichment.
543005420,False,0.19,True,False,0,Product type/classpath unresolved by rules — needs AI classification or review. | Brand unresolved from input — needs manufacturer-source enrichment. | MOBILE_DESC is 43 chars (target 60-80). | BRAND_NAME empty — needs manufacturer-source enrichment. | Classpath unresolved — needs classification review. | No attributes extracted — description too sparse or needs enrichment.
1516891,False,0.19,True,False,0,Product type/classpath unresolved by rules — needs AI classification or review. | Brand unresolved from input — needs manufacturer-source enrichment. | MOBILE_DESC is 41 chars (target 60-80). | BRAND_NAME empty — needs manufacturer-source enrichment. | Classpath unresolved — needs classification review. | No attributes extracted — description too sparse or needs enrichment.
1516892,False,0.19,True,False,0,Product type/classpath unresolved by rules — needs AI classification or review. | Brand unresolved from input — needs manufacturer-source enrichment. | MOBILE_DESC is 41 chars (target 60-80). | BRAND_NAME empty — needs manufacturer-source enrichment. | Classpath unresolved — needs classification review. | No attributes extracted — description too sparse or needs enrichment.
1516893,False,0.19,True,False,0,Product type/classpath unresolved by rules — needs AI classification or review. | Brand unresolved from input — needs manufacturer-source enrichment. | MOBILE_DESC is 41 chars (target 60-80). | BRAND_NAME empty — needs manufacturer-source enrichment. | Classpath unresolved — needs classification review. | No attributes extracted — description too sparse or needs enrichment.
1516894,False,0.19,True,False,0,Product type/classpath unresolved by rules — needs AI classification or review. | Brand unresolved from input — needs manufacturer-source enrichment. | MOBILE_DESC is 41 chars (target 60-80). | BRAND_NAME empty — needs manufacturer-source enrichment. | Classpath unresolved — needs classification review. | No attributes extracted — description too sparse or needs enrichment.
1516895,False,0.19,True,False,0,Product type/classpath unresolved by rules — needs AI classification or review. | Brand unresolved from input — needs manufacturer-source enrichment. | MOBILE_DESC is 41 chars (target 60-80). | BRAND_NAME empty — needs manufacturer-source enrichment. | Classpath unresolved — needs classification review. | No attributes extracted — description too sparse or needs enrichment.
543007016,False,0.19,True,False,0,Product type/classpath unresolved by rules — needs AI classification or review. | Brand unresolved from input — needs manufacturer-source enrichment. | MOBILE_DESC is 43 chars (target 60-80). | BRAND_NAME empty — needs manufacturer-source enrichment. | Classpath unresolved — needs classification review. | No attributes extracted — description too sparse or needs enrichment.
543007020,False,0.19,True,False,0,Product type/classpath unresolved by rules — needs AI classification or review. | Brand unresolved from input — needs manufacturer-source enrichment. | MOBILE_DESC is 43 chars (target 60-80). | BRAND_NAME empty — needs manufacturer-source enrichment. | Classpath unresolved — needs classification review. | No attributes extracted — description too sparse or needs enrichment.
543007412,False,0.19,True,False,0,Product type/classpath unresolved by rules — needs AI classification or review. | Brand unresolved from input — needs manufacturer-source enrichment. | MOBILE_DESC is 43 chars (target 60-80). | BRAND_NAME empty — needs manufacturer-source enrichment. | Classpath unresolved — needs classification review. | No attributes extracted — description too sparse or needs enrichment.
543007416,False,0.19,True,False,0,Product type/classpath unresolved by rules — needs AI classification or review. | Brand unresolved from input — needs manufacturer-source enrichment. | MOBILE_DESC is 43 chars (target 60-80). | BRAND_NAME empty — needs manufacturer-source enrichment. | Classpath unresolved — needs classification review. | No attributes extracted — description too sparse or needs enrichment.
543007420,False,0.19,True,False,0,Product type/classpath unresolved by rules — needs AI classification or review. | Brand unresolved from input — needs manufacturer-source enrichment. | MOBILE_DESC is 43 chars (target 60-80). | BRAND_NAME empty — needs manufacturer-source enrichment. | Classpath unresolved — needs classification review. | No attributes extracted — description too sparse or needs enrichment.
ADR5117512CS,False,0.19,True,False,0,Product type/classpath unresolved by rules — needs AI classification or review. | Brand unresolved from input — needs manufacturer-source enrichment. | MOBILE_DESC is 25 chars (target 60-80). | BRAND_NAME empty — needs manufacturer-source enrichment. | Classpath unresolved — needs classification review. | No attributes extracted — description too sparse or needs enrichment.
ADR5117512MH,False,0.19,True,False,0,Product type/classpath unresolved by rules — needs AI classification or review. | Brand unresolved from input — needs manufacturer-source enrichment. | MOBILE_DESC is 22 chars (target 60-80). | BRAND_NAME empty — needs manufacturer-source enrichment. | Classpath unresolved — needs classification review. | No attributes extracted — description too sparse or needs enrichment.
ADR5117512WT,False,0.19,True,False,0,Product type/classpath unresolved by rules — needs AI classification or review. | Brand unresolved from input — needs manufacturer-source enrichment. | MOBILE_DESC is 22 chars (target 60-80). | BRAND_NAME empty — needs manufacturer-source enrichment. | Classpath unresolved — needs classification review. | No attributes extracted — description too sparse or needs enrichment.
ADR5117512AW,False,0.19,True,False,0,Product type/classpath unresolved by rules — needs AI classification or review. | Brand unresolved from input — needs manufacturer-source enrichment. | MOBILE_DESC is 22 chars (target 60-80). | BRAND_NAME empty — needs manufacturer-source enrichment. | Classpath unresolved — needs classification review. | No attributes extracted — description too sparse or needs enrichment.
ADR5117512CG,False,0.19,True,False,0,Product type/classpath unresolved by rules — needs AI classification or review. | Brand unresolved from input — needs manufacturer-source enrichment. | MOBILE_DESC is 22 chars (target 60-80). | BRAND_NAME empty — needs manufacturer-source enrichment. | Classpath unresolved — needs classification review. | No attributes extracted — description too sparse or needs enrichment.
ADR5117512FW,False,0.19,True,False,0,Product type/classpath unresolved by rules — needs AI classification or review. | Brand unresolved from input — needs manufacturer-source enrichment. | MOBILE_DESC is 22 chars (target 60-80). | BRAND_NAME empty — needs manufacturer-source enrichment. | Classpath unresolved — needs classification review. | No attributes extracted — description too sparse or needs enrichment.
1508395,False,0.19,True,False,0,Product type/classpath unresolved by rules — needs AI classification or review. | Brand unresolved from input — needs manufacturer-source enrichment. | MOBILE_DESC is 17 chars (target 60-80). | BRAND_NAME empty — needs manufacturer-source enrichment. | Classpath unresolved — needs classification review. | No attributes extracted — description too sparse or needs enrichment.
1508396,False,0.19,True,False,0,Product type/classpath unresolved by rules — needs AI classification or review. | Brand unresolved from input — needs manufacturer-source enrichment. | MOBILE_DESC is 17 chars (target 60-80). | BRAND_NAME empty — needs manufacturer-source enrichment. | Classpath unresolved — needs classification review. | No attributes extracted — description too sparse or needs enrichment.
ADCR5117512BS,False,0.19,True,False,0,Product type/classpath unresolved by rules — needs AI classification or review. | Brand unresolved from input — needs manufacturer-source enrichment. | MOBILE_DESC is 23 chars (target 60-80). | BRAND_NAME empty — needs manufacturer-source enrichment. | Classpath unresolved — needs classification review. | No attributes extracted — description too sparse or needs enrichment.
ADCR5117512SG,False,0.19,True,False,0,Product type/classpath unresolved by rules — needs AI classification or review. | Brand unresolved from input — needs manufacturer-source enrichment. | MOBILE_DESC is 23 chars (target 60-80). | BRAND_NAME empty — needs manufacturer-source enrichment. | Classpath unresolved — needs classification review. | No attributes extracted — description too sparse or needs enrichment.
543140908,False,0.19,True,False,0,Product type/classpath unresolved by rules — needs AI classification or review. | Brand unresolved from input — needs manufacturer-source enrichment. | MOBILE_DESC is 21 chars (target 60-80). | BRAND_NAME empty — needs manufacturer-source enrichment. | Classpath unresolved — needs classification review. | No attributes extracted — description too sparse or needs enrichment.
543142908,False,0.19,True,False,0,Product type/classpath unresolved by rules — needs AI classification or review. | Brand unresolved from input — needs manufacturer-source enrichment. | MOBILE_DESC is 21 chars (target 60-80). | BRAND_NAME empty — needs manufacturer-source enrichment. | Classpath unresolved — needs classification review. | No attributes extracted — description too sparse or needs enrichment.
543143908,False,0.19,True,False,0,Product type/classpath unresolved by rules — needs AI classification or review. | Brand unresolved from input — needs manufacturer-source enrichment. | MOBILE_DESC is 21 chars (target 60-80). | BRAND_NAME empty — needs manufacturer-source enrichment. | Classpath unresolved — needs classification review. | No attributes extracted — description too sparse or needs enrichment.
543140912,False,0.19,True,False,0,Product type/classpath unresolved by rules — needs AI classification or review. | Brand unresolved from input — needs manufacturer-source enrichment. | MOBILE_DESC is 21 chars (target 60-80). | BRAND_NAME empty — needs manufacturer-source enrichment. | Classpath unresolved — needs classification review. | No attributes extracted — description too sparse or needs enrichment.
543142912,False,0.19,True,False,0,Product type/classpath unresolved by rules — needs AI classification or review. | Brand unresolved from input — needs manufacturer-source enrichment. | MOBILE_DESC is 21 chars (target 60-80). | BRAND_NAME empty — needs manufacturer-source enrichment. | Classpath unresolved — needs classification review. | No attributes extracted — description too sparse or needs enrichment.
543143912,False,0.19,True,False,0,Product type/classpath unresolved by rules — needs AI classification or review. | Brand unresolved from input — needs manufacturer-source enrichment. | MOBILE_DESC is 21 chars (target 60-80). | BRAND_NAME empty — needs manufacturer-source enrichment. | Classpath unresolved — needs classification review. | No attributes extracted — description too sparse or needs enrichment.
1513715,False,0.19,True,False,0,Product type/classpath unresolved by rules — needs AI classification or review. | Brand unresolved from input — needs manufacturer-source enrichment. | MOBILE_DESC is 41 chars (target 60-80). | BRAND_NAME empty — needs manufacturer-source enrichment. | Classpath unresolved — needs classification review. | No attributes extracted — description too sparse or needs enrichment.
1513716,False,0.19,True,False,0,Product type/classpath unresolved by rules — needs AI classification or review. | Brand unresolved from input — needs manufacturer-source enrichment. | MOBILE_DESC is 41 chars (target 60-80). | BRAND_NAME empty — needs manufacturer-source enrichment. | Classpath unresolved — needs classification review. | No attributes extracted — description too sparse or needs enrichment.
1513722,False,0.19,True,False,0,Product type/classpath unresolved by rules — needs AI classification or review. | Brand unresolved from input — needs manufacturer-source enrichment. | MOBILE_DESC is 41 chars (target 60-80). | BRAND_NAME empty — needs manufacturer-source enrichment. | Classpath unresolved — needs classification review. | No attributes extracted — description too sparse or needs enrichment.
1513723,False,0.19,True,False,0,Product type/classpath unresolved by rules — needs AI classification or review. | Brand unresolved from input — needs manufacturer-source enrichment. | MOBILE_DESC is 41 chars (target 60-80). | BRAND_NAME empty — needs manufacturer-source enrichment. | Classpath unresolved — needs classification review. | No attributes extracted — description too sparse or needs enrichment.
1513729,False,0.19,True,False,0,Product type/classpath unresolved by rules — needs AI classification or review. | Brand unresolved from input — needs manufacturer-source enrichment. | MOBILE_DESC is 41 chars (target 60-80). | BRAND_NAME empty — needs manufacturer-source enrichment. | Classpath unresolved — needs classification review. | No attributes extracted — description too sparse or needs enrichment.
1513730,False,0.19,True,False,0,Product type/classpath unresolved by rules — needs AI classification or review. | Brand unresolved from input — needs manufacturer-source enrichment. | MOBILE_DESC is 41 chars (target 60-80). | BRAND_NAME empty — needs manufacturer-source enrichment. | Classpath unresolved — needs classification review. | No attributes extracted — description too sparse or needs enrichment.
543076916,False,0.19,True,False,0,Product type/classpath unresolved by rules — needs AI classification or review. | Brand unresolved from input — needs manufacturer-source enrichment. | MOBILE_DESC is 43 chars (target 60-80). | BRAND_NAME empty — needs manufacturer-source enrichment. | Classpath unresolved — needs classification review. | No attributes extracted — description too sparse or needs enrichment.
1516876,False,0.19,True,False,0,Product type/classpath unresolved by rules — needs AI classification or review. | Brand unresolved from input — needs manufacturer-source enrichment. | MOBILE_DESC is 41 chars (target 60-80). | BRAND_NAME empty — needs manufacturer-source enrichment. | Classpath unresolved — needs classification review. | No attributes extracted — description too sparse or needs enrichment.
543076936,False,0.19,True,False,0,Product type/classpath unresolved by rules — needs AI classification or review. | Brand unresolved from input — needs manufacturer-source enrichment. | MOBILE_DESC is 43 chars (target 60-80). | BRAND_NAME empty — needs manufacturer-source enrichment. | Classpath unresolved — needs classification review. | No attributes extracted — description too sparse or needs enrichment.
1516878,False,0.19,True,False,0,Product type/classpath unresolved by rules — needs AI classification or review. | Brand unresolved from input — needs manufacturer-source enrichment. | MOBILE_DESC is 41 chars (target 60-80). | BRAND_NAME empty — needs manufacturer-source enrichment. | Classpath unresolved — needs classification review. | No attributes extracted — description too sparse or needs enrichment.
1516884,False,0.19,True,False,0,Product type/classpath unresolved by rules — needs AI classification or review. | Brand unresolved from input — needs manufacturer-source enrichment. | MOBILE_DESC is 41 chars (target 60-80). | BRAND_NAME empty — needs manufacturer-source enrichment. | Classpath unresolved — needs classification review. | No attributes extracted — description too sparse or needs enrichment.
1516885,False,0.19,True,False,0,Product type/classpath unresolved by rules — needs AI classification or review. | Brand unresolved from input — needs manufacturer-source enrichment. | MOBILE_DESC is 41 chars (target 60-80). | BRAND_NAME empty — needs manufacturer-source enrichment. | Classpath unresolved — needs classification review. | No attributes extracted — description too sparse or needs enrichment.
543005916,False,0.19,True,False,0,Product type/classpath unresolved by rules — needs AI classification or review. | Brand unresolved from input — needs manufacturer-source enrichment. | MOBILE_DESC is 43 chars (target 60-80). | BRAND_NAME empty — needs manufacturer-source enrichment. | Classpath unresolved — needs classification review. | No attributes extracted — description too sparse or needs enrichment.
1516902,False,0.19,True,False,0,Product type/classpath unresolved by rules — needs AI classification or review. | Brand unresolved from input — needs manufacturer-source enrichment. | MOBILE_DESC is 41 chars (target 60-80). | BRAND_NAME empty — needs manufacturer-source enrichment. | Classpath unresolved — needs classification review. | No attributes extracted — description too sparse or needs enrichment.
543007916,False,0.19,True,False,0,Product type/classpath unresolved by rules — needs AI classification or review. | Brand unresolved from input — needs manufacturer-source enrichment. | MOBILE_DESC is 43 chars (target 60-80). | BRAND_NAME empty — needs manufacturer-source enrichment. | Classpath unresolved — needs classification review. | No attributes extracted — description too sparse or needs enrichment.
543005936,False,0.19,True,False,0,Product type/classpath unresolved by rules — needs AI classification or review. | Brand unresolved from input — needs manufacturer-source enrichment. | MOBILE_DESC is 43 chars (target 60-80). | BRAND_NAME empty — needs manufacturer-source enrichment. | Classpath unresolved — needs classification review. | No attributes extracted — description too sparse or needs enrichment.
1516905,False,0.19,True,False,0,Product type/classpath unresolved by rules — needs AI classification or review. | Brand unresolved from input — needs manufacturer-source enrichment. | MOBILE_DESC is 41 chars (target 60-80). | BRAND_NAME empty — needs manufacturer-source enrichment. | Classpath unresolved — needs classification review. | No attributes extracted — description too sparse or needs enrichment.
543007936,False,0.19,True,False,0,Product type/classpath unresolved by rules — needs AI classification or review. | Brand unresolved from input — needs manufacturer-source enrichment. | MOBILE_DESC is 43 chars (target 60-80). | BRAND_NAME empty — needs manufacturer-source enrichment. | Classpath unresolved — needs classification review. | No attributes extracted — description too sparse or needs enrichment.
543144908,False,0.19,True,False,0,Product type/classpath unresolved by rules — needs AI classification or review. | Brand unresolved from input — needs manufacturer-source enrichment. | MOBILE_DESC is 21 chars (target 60-80). | BRAND_NAME empty — needs manufacturer-source enrichment. | Classpath unresolved — needs classification review. | No attributes extracted — description too sparse or needs enrichment.
543141908,False,0.19,True,False,0,Product type/classpath unresolved by rules — needs AI classification or review. | Brand unresolved from input — needs manufacturer-source enrichment. | MOBILE_DESC is 21 chars (target 60-80). | BRAND_NAME empty — needs manufacturer-source enrichment. | Classpath unresolved — needs classification review. | No attributes extracted — description too sparse or needs enrichment.
543144912,False,0.19,True,False,0,Product type/classpath unresolved by rules — needs AI classification or review. | Brand unresolved from input — needs manufacturer-source enrichment. | MOBILE_DESC is 21 chars (target 60-80). | BRAND_NAME empty — needs manufacturer-source enrichment. | Classpath unresolved — needs classification review. | No attributes extracted — description too sparse or needs enrichment.
543141912,False,0.19,True,False,0,Product type/classpath unresolved by rules — needs AI classification or review. | Brand unresolved from input — needs manufacturer-source enrichment. | MOBILE_DESC is 21 chars (target 60-80). | BRAND_NAME empty — needs manufacturer-source enrichment. | Classpath unresolved — needs classification review. | No attributes extracted — description too sparse or needs enrichment.
1513713,False,0.19,True,False,0,Product type/classpath unresolved by rules — needs AI classification or review. | Brand unresolved from input — needs manufacturer-source enrichment. | MOBILE_DESC is 41 chars (target 60-80). | BRAND_NAME empty — needs manufacturer-source enrichment. | Classpath unresolved — needs classification review. | No attributes extracted — description too sparse or needs enrichment.
1513714,False,0.19,True,False,0,Product type/classpath unresolved by rules — needs AI classification or review. | Brand unresolved from input — needs manufacturer-source enrichment. | MOBILE_DESC is 41 chars (target 60-80). | BRAND_NAME empty — needs manufacturer-source enrichment. | Classpath unresolved — needs classification review. | No attributes extracted — description too sparse or needs enrichment.
73012503,False,0.09,True,False,0,Product type/classpath unresolved by rules — needs AI classification or review. | Brand unresolved from input — needs manufacturer-source enrichment. | MOBILE_DESC is 8 chars (target 60-80). | BRAND_NAME empty — needs manufacturer-source enrichment. | Classpath unresolved — needs classification review. | No attributes extracted — description too sparse or needs enrichment.
73018131,False,0.09,True,False,0,Product type/classpath unresolved by rules — needs AI classification or review. | Brand unresolved from input — needs manufacturer-source enrichment. | MOBILE_DESC is 8 chars (target 60-80). | BRAND_NAME empty — needs manufacturer-source enrichment. | Classpath unresolved — needs classification review. | No attributes extracted — description too sparse or needs enrichment.
73018091,False,0.09,True,False,0,Product type/classpath unresolved by rules — needs AI classification or review. | Brand unresolved from input — needs manufacturer-source enrichment. | MOBILE_DESC is 8 chars (target 60-80). | BRAND_NAME empty — needs manufacturer-source enrichment. | Classpath unresolved — needs classification review. | No attributes extracted — description too sparse or needs enrichment.
73018066,False,0.09,True,False,0,Product type/classpath unresolved by rules — needs AI classification or review. | Brand unresolved from input — needs manufacturer-source enrichment. | MOBILE_DESC is 8 chars (target 60-80). | BRAND_NAME empty — needs manufacturer-source enrichment. | Classpath unresolved — needs classification review. | No attributes extracted — description too sparse or needs enrichment.
73018076,False,0.09,True,False,0,Product type/classpath unresolved by rules — needs AI classification or review. | Brand unresolved from input — needs manufacturer-source enrichment. | MOBILE_DESC is 8 chars (target 60-80). | BRAND_NAME empty — needs manufacturer-source enrichment. | Classpath unresolved — needs classification review. | No attributes extracted — description too sparse or needs enrichment.
61109087,False,0.09,True,False,0,Product type/classpath unresolved by rules — needs AI classification or review. | Brand unresolved from input — needs manufacturer-source enrichment. | MOBILE_DESC is 8 chars (target 60-80). | BRAND_NAME empty — needs manufacturer-source enrichment. | Classpath unresolved — needs classification review. | No attributes extracted — description too sparse or needs enrichment.
73018731,False,0.09,True,False,0,Product type/classpath unresolved by rules — needs AI classification or review. | Brand unresolved from input — needs manufacturer-source enrichment. | MOBILE_DESC is 8 chars (target 60-80). | BRAND_NAME empty — needs manufacturer-source enrichment. | Classpath unresolved — needs classification review. | No attributes extracted — description too sparse or needs enrichment.
61109090,False,0.09,True,False,0,Product type/classpath unresolved by rules — needs AI classification or review. | Brand unresolved from input — needs manufacturer-source enrichment. | MOBILE_DESC is 8 chars (target 60-80). | BRAND_NAME empty — needs manufacturer-source enrichment. | Classpath unresolved — needs classification review. | No attributes extracted — description too sparse or needs enrichment.
73053603,False,0.09,True,False,0,Product type/classpath unresolved by rules — needs AI classification or review. | Brand unresolved from input — needs manufacturer-source enrichment. | MOBILE_DESC is 8 chars (target 60-80). | BRAND_NAME empty — needs manufacturer-source enrichment. | Classpath unresolved — needs classification review. | No attributes extracted — description too sparse or needs enrichment.
73053608,False,0.09,True,False,0,Product type/classpath unresolved by rules — needs AI classification or review. | Brand unresolved from input — needs manufacturer-source enrichment. | MOBILE_DESC is 8 chars (target 60-80). | BRAND_NAME empty — needs manufacturer-source enrichment. | Classpath unresolved — needs classification review. | No attributes extracted — description too sparse or needs enrichment.
543340896,False,0.19,True,False,0,Product type/classpath unresolved by rules — needs AI classification or review. | Brand unresolved from input — needs manufacturer-source enrichment. | MOBILE_DESC is 43 chars (target 60-80). | BRAND_NAME empty — needs manufacturer-source enrichment. | Classpath unresolved — needs classification review. | No attributes extracted — description too sparse or needs enrichment.
543340898,False,0.19,True,False,0,Product type/classpath unresolved by rules — needs AI classification or review. | Brand unresolved from input — needs manufacturer-source enrichment. | MOBILE_DESC is 43 chars (target 60-80). | BRAND_NAME empty — needs manufacturer-source enrichment. | Classpath unresolved — needs classification review. | No attributes extracted — description too sparse or needs enrichment.
73272TBK,False,0.19,True,False,0,Product type/classpath unresolved by rules — needs AI classification or review. | Brand unresolved from input — needs manufacturer-source enrichment. | MOBILE_DESC is 36 chars (target 60-80). | BRAND_NAME empty — needs manufacturer-source enrichment. | Classpath unresolved — needs classification review. | No attributes extracted — description too sparse or needs enrichment.
543302127,False,0.19,True,False,0,Product type/classpath unresolved by rules — needs AI classification or review. | Brand unresolved from input — needs manufacturer-source enrichment. | MOBILE_DESC is 21 chars (target 60-80). | BRAND_NAME empty — needs manufacturer-source enrichment. | Classpath unresolved — needs classification review. | No attributes extracted — description too sparse or needs enrichment.
543302147,False,0.19,True,False,0,Product type/classpath unresolved by rules — needs AI classification or review. | Brand unresolved from input — needs manufacturer-source enrichment. | MOBILE_DESC is 21 chars (target 60-80). | BRAND_NAME empty — needs manufacturer-source enrichment. | Classpath unresolved — needs classification review. | No attributes extracted — description too sparse or needs enrichment.
73019599,False,0.09,True,False,0,Product type/classpath unresolved by rules — needs AI classification or review. | Brand unresolved from input — needs manufacturer-source enrichment. | MOBILE_DESC is 8 chars (target 60-80). | BRAND_NAME empty — needs manufacturer-source enrichment. | Classpath unresolved — needs classification review. | No attributes extracted — description too sparse or needs enrichment.
73019648,False,0.09,True,False,0,Product type/classpath unresolved by rules — needs AI classification or review. | Brand unresolved from input — needs manufacturer-source enrichment. | MOBILE_DESC is 8 chars (target 60-80). | BRAND_NAME empty — needs manufacturer-source enrichment. | Classpath unresolved — needs classification review. | No attributes extracted — description too sparse or needs enrichment.
73019598,False,0.09,True,False,0,Product type/classpath unresolved by rules — needs AI classification or review. | Brand unresolved from input — needs manufacturer-source enrichment. | MOBILE_DESC is 8 chars (target 60-80). | BRAND_NAME empty — needs manufacturer-source enrichment. | Classpath unresolved — needs classification review. | No attributes extracted — description too sparse or needs enrichment.
73019647,False,0.09,True,False,0,Product type/classpath unresolved by rules — needs AI classification or review. | Brand unresolved from input — needs manufacturer-source enrichment. | MOBILE_DESC is 8 chars (target 60-80). | BRAND_NAME empty — needs manufacturer-source enrichment. | Classpath unresolved — needs classification review. | No attributes extracted — description too sparse or needs enrichment.
543300257,False,0.19,True,False,0,Product type/classpath unresolved by rules — needs AI classification or review. | Brand unresolved from input — needs manufacturer-source enrichment. | MOBILE_DESC is 43 chars (target 60-80). | BRAND_NAME empty — needs manufacturer-source enrichment. | Classpath unresolved — needs classification review. | No attributes extracted — description too sparse or needs enrichment.
543300277,False,0.19,True,False,0,Product type/classpath unresolved by rules — needs AI classification or review. | Brand unresolved from input — needs manufacturer-source enrichment. | MOBILE_DESC is 43 chars (target 60-80). | BRAND_NAME empty — needs manufacturer-source enrichment. | Classpath unresolved — needs classification review. | No attributes extracted — description too sparse or needs enrichment.
SPB-44BPL,False,0.17,True,False,1,Product type/classpath unresolved by rules — needs AI classification or review. | Brand unresolved from input — needs manufacturer-source enrichment. | MOBILE_DESC is 9 chars (target 60-80). | BRAND_NAME empty — needs manufacturer-source enrichment. | Classpath unresolved — needs classification review.
925219,False,0.27,True,False,1,Product type/classpath unresolved by rules — needs AI classification or review. | Brand unresolved from input — needs manufacturer-source enrichment. | MOBILE_DESC is 34 chars (target 60-80). | BRAND_NAME empty — needs manufacturer-source enrichment. | Classpath unresolved — needs classification review.
27233,False,0.19,True,False,0,Product type/classpath unresolved by rules — needs AI classification or review. | Brand unresolved from input — needs manufacturer-source enrichment. | MOBILE_DESC is 28 chars (target 60-80). | BRAND_NAME empty — needs manufacturer-source enrichment. | Classpath unresolved — needs classification review. | No attributes extracted — description too sparse or needs enrichment.
1517602,False,0.19,True,False,0,Product type/classpath unresolved by rules — needs AI classification or review. | Brand unresolved from input — needs manufacturer-source enrichment. | MOBILE_DESC is 43 chars (target 60-80). | BRAND_NAME empty — needs manufacturer-source enrichment. | Classpath unresolved — needs classification review. | No attributes extracted — description too sparse or needs enrichment.
1517603,False,0.19,True,False,0,Product type/classpath unresolved by rules — needs AI classification or review. | Brand unresolved from input — needs manufacturer-source enrichment. | MOBILE_DESC is 43 chars (target 60-80). | BRAND_NAME empty — needs manufacturer-source enrichment. | Classpath unresolved — needs classification review. | No attributes extracted — description too sparse or needs enrichment.
1517604,False,0.19,True,False,0,Product type/classpath unresolved by rules — needs AI classification or review. | Brand unresolved from input — needs manufacturer-source enrichment. | MOBILE_DESC is 43 chars (target 60-80). | BRAND_NAME empty — needs manufacturer-source enrichment. | Classpath unresolved — needs classification review. | No attributes extracted — description too sparse or needs enrichment.
1517605,False,0.19,True,False,0,Product type/classpath unresolved by rules — needs AI classification or review. | Brand unresolved from input — needs manufacturer-source enrichment. | MOBILE_DESC is 43 chars (target 60-80). | BRAND_NAME empty — needs manufacturer-source enrichment. | Classpath unresolved — needs classification review. | No attributes extracted — description too sparse or needs enrichment.
FS C01 2004S,False,0.27,True,False,1,Product type/classpath unresolved by rules — needs AI classification or review. | Brand unresolved from input — needs manufacturer-source enrichment. | MOBILE_DESC is 31 chars (target 60-80). | BRAND_NAME empty — needs manufacturer-source enrichment. | Classpath unresolved — needs classification review.
FS C04 2004S,False,0.27,True,False,1,Product type/classpath unresolved by rules — needs AI classification or review. | Brand unresolved from input — needs manufacturer-source enrichment. | MOBILE_DESC is 31 chars (target 60-80). | BRAND_NAME empty — needs manufacturer-source enrichment. | Classpath unresolved — needs classification review.
FS C06 2004S,False,0.27,True,False,1,Product type/classpath unresolved by rules — needs AI classification or review. | Brand unresolved from input — needs manufacturer-source enrichment. | MOBILE_DESC is 31 chars (target 60-80). | BRAND_NAME empty — needs manufacturer-source enrichment. | Classpath unresolved — needs classification review.
1501831,False,0.19,True,False,0,Product type/classpath unresolved by rules — needs AI classification or review. | Brand unresolved from input — needs manufacturer-source enrichment. | MOBILE_DESC is 15 chars (target 60-80). | BRAND_NAME empty — needs manufacturer-source enrichment. | Classpath unresolved — needs classification review. | No attributes extracted — description too sparse or needs enrichment.
1501832,False,0.19,True,False,0,Product type/classpath unresolved by rules — needs AI classification or review. | Brand unresolved from input — needs manufacturer-source enrichment. | MOBILE_DESC is 15 chars (target 60-80). | BRAND_NAME empty — needs manufacturer-source enrichment. | Classpath unresolved — needs classification review. | No attributes extracted — description too sparse or needs enrichment.
1515974,False,0.17,True,False,1,Product type/classpath unresolved by rules — needs AI classification or review. | Brand unresolved from input — needs manufacturer-source enrichment. | MOBILE_DESC is 7 chars (target 60-80). | BRAND_NAME empty — needs manufacturer-source enrichment. | Classpath unresolved — needs classification review.
640383,False,0.27,True,False,1,Product type/classpath unresolved by rules — needs AI classification or review. | Brand unresolved from input — needs manufacturer-source enrichment. | MOBILE_DESC is 26 chars (target 60-80). | BRAND_NAME empty — needs manufacturer-source enrichment. | Classpath unresolved — needs classification review.
653258,False,0.19,True,False,0,Product type/classpath unresolved by rules — needs AI classification or review. | Brand unresolved from input — needs manufacturer-source enrichment. | MOBILE_DESC is 26 chars (target 60-80). | BRAND_NAME empty — needs manufacturer-source enrichment. | Classpath unresolved — needs classification review. | No attributes extracted — description too sparse or needs enrichment.
413S-DBA-36,False,0.19,True,False,0,Product type/classpath unresolved by rules — needs AI classification or review. | Brand unresolved from input — needs manufacturer-source enrichment. | MOBILE_DESC is 27 chars (target 60-80). | BRAND_NAME empty — needs manufacturer-source enrichment. | Classpath unresolved — needs classification review. | No attributes extracted — description too sparse or needs enrichment.
413S-DBA-72,False,0.19,True,False,0,Product type/classpath unresolved by rules — needs AI classification or review. | Brand unresolved from input — needs manufacturer-source enrichment. | MOBILE_DESC is 27 chars (target 60-80). | BRAND_NAME empty — needs manufacturer-source enrichment. | Classpath unresolved — needs classification review. | No attributes extracted — description too sparse or needs enrichment.
1511506,False,0.19,True,False,0,Product type/classpath unresolved by rules — needs AI classification or review. | Brand unresolved from input — needs manufacturer-source enrichment. | MOBILE_DESC is 27 chars (target 60-80). | BRAND_NAME empty — needs manufacturer-source enrichment. | Classpath unresolved — needs classification review. | No attributes extracted — description too sparse or needs enrichment.
1513577,False,0.19,True,False,0,Product type/classpath unresolved by rules — needs AI classification or review. | Brand unresolved from input — needs manufacturer-source enrichment. | MOBILE_DESC is 30 chars (target 60-80). | BRAND_NAME empty — needs manufacturer-source enrichment. | Classpath unresolved — needs classification review. | No attributes extracted — description too sparse or needs enrichment.
1513578,False,0.19,True,False,0,Product type/classpath unresolved by rules — needs AI classification or review. | Brand unresolved from input — needs manufacturer-source enrichment. | MOBILE_DESC is 30 chars (target 60-80). | BRAND_NAME empty — needs manufacturer-source enrichment. | Classpath unresolved — needs classification review. | No attributes extracted — description too sparse or needs enrichment.
1513579,False,0.19,True,False,0,Product type/classpath unresolved by rules — needs AI classification or review. | Brand unresolved from input — needs manufacturer-source enrichment. | MOBILE_DESC is 30 chars (target 60-80). | BRAND_NAME empty — needs manufacturer-source enrichment. | Classpath unresolved — needs classification review. | No attributes extracted — description too sparse or needs enrichment.
1513580,False,0.19,True,False,0,Product type/classpath unresolved by rules — needs AI classification or review. | Brand unresolved from input — needs manufacturer-source enrichment. | MOBILE_DESC is 30 chars (target 60-80). | BRAND_NAME empty — needs manufacturer-source enrichment. | Classpath unresolved — needs classification review. | No attributes extracted — description too sparse or needs enrichment.
1501767,False,0.09,True,False,0,Product type/classpath unresolved by rules — needs AI classification or review. | Brand unresolved from input — needs manufacturer-source enrichment. | MOBILE_DESC is 7 chars (target 60-80). | BRAND_NAME empty — needs manufacturer-source enrichment. | Classpath unresolved — needs classification review. | No attributes extracted — description too sparse or needs enrichment.
PP-8BL,False,0.19,True,False,0,Product type/classpath unresolved by rules — needs AI classification or review. | Brand unresolved from input — needs manufacturer-source enrichment. | MOBILE_DESC is 22 chars (target 60-80). | BRAND_NAME empty — needs manufacturer-source enrichment. | Classpath unresolved — needs classification review. | No attributes extracted — description too sparse or needs enrichment.
PP-10BL,False,0.19,True,False,0,Product type/classpath unresolved by rules — needs AI classification or review. | Brand unresolved from input — needs manufacturer-source enrichment. | MOBILE_DESC is 23 chars (target 60-80). | BRAND_NAME empty — needs manufacturer-source enrichment. | Classpath unresolved — needs classification review. | No attributes extracted — description too sparse or needs enrichment.
PP-12BL,False,0.19,True,False,0,Product type/classpath unresolved by rules — needs AI classification or review. | Brand unresolved from input — needs manufacturer-source enrichment. | MOBILE_DESC is 23 chars (target 60-80). | BRAND_NAME empty — needs manufacturer-source enrichment. | Classpath unresolved — needs classification review. | No attributes extracted — description too sparse or needs enrichment.
PP-8CH,False,0.19,True,False,0,Product type/classpath unresolved by rules — needs AI classification or review. | Brand unresolved from input — needs manufacturer-source enrichment. | MOBILE_DESC is 22 chars (target 60-80). | BRAND_NAME empty — needs manufacturer-source enrichment. | Classpath unresolved — needs classification review. | No attributes extracted — description too sparse or needs enrichment.
PP-10CH,False,0.19,True,False,0,Product type/classpath unresolved by rules — needs AI classification or review. | Brand unresolved from input — needs manufacturer-source enrichment. | MOBILE_DESC is 23 chars (target 60-80). | BRAND_NAME empty — needs manufacturer-source enrichment. | Classpath unresolved — needs classification review. | No attributes extracted — description too sparse or needs enrichment.
PP-12CH,False,0.19,True,False,0,Product type/classpath unresolved by rules — needs AI classification or review. | Brand unresolved from input — needs manufacturer-source enrichment. | MOBILE_DESC is 23 chars (target 60-80). | BRAND_NAME empty — needs manufacturer-source enrichment. | Classpath unresolved — needs classification review. | No attributes extracted — description too sparse or needs enrichment.
PP-8WH,False,0.19,True,False,0,Product type/classpath unresolved by rules — needs AI classification or review. | Brand unresolved from input — needs manufacturer-source enrichment. | MOBILE_DESC is 22 chars (target 60-80). | BRAND_NAME empty — needs manufacturer-source enrichment. | Classpath unresolved — needs classification review. | No attributes extracted — description too sparse or needs enrichment.
PP-10WH,False,0.19,True,False,0,Product type/classpath unresolved by rules — needs AI classification or review. | Brand unresolved from input — needs manufacturer-source enrichment. | MOBILE_DESC is 23 chars (target 60-80). | BRAND_NAME empty — needs manufacturer-source enrichment. | Classpath unresolved — needs classification review. | No attributes extracted — description too sparse or needs enrichment.
1504345,False,0.19,True,False,0,Product type/classpath unresolved by rules — needs AI classification or review. | Brand unresolved from input — needs manufacturer-source enrichment. | MOBILE_DESC is 35 chars (target 60-80). | BRAND_NAME empty — needs manufacturer-source enrichment. | Classpath unresolved — needs classification review. | No attributes extracted — description too sparse or needs enrichment.
2733,False,0.19,True,False,0,Product type/classpath unresolved by rules — needs AI classification or review. | Brand unresolved from input — needs manufacturer-source enrichment. | MOBILE_DESC is 32 chars (target 60-80). | BRAND_NAME empty — needs manufacturer-source enrichment. | Classpath unresolved — needs classification review. | No attributes extracted — description too sparse or needs enrichment.
7547,False,0.09,True,False,0,Product type/classpath unresolved by rules — needs AI classification or review. | Brand unresolved from input — needs manufacturer-source enrichment. | MOBILE_DESC is 4 chars (target 60-80). | BRAND_NAME empty — needs manufacturer-source enrichment. | Classpath unresolved — needs classification review. | No attributes extracted — description too sparse or needs enrichment.
8912220,False,0.27,True,False,1,Product type/classpath unresolved by rules — needs AI classification or review. | Brand unresolved from input — needs manufacturer-source enrichment. | MOBILE_DESC is 41 chars (target 60-80). | BRAND_NAME empty — needs manufacturer-source enrichment. | Classpath unresolved — needs classification review.
8904015,False,0.19,True,False,0,Product type/classpath unresolved by rules — needs AI classification or review. | Brand unresolved from input — needs manufacturer-source enrichment. | MOBILE_DESC is 41 chars (target 60-80). | BRAND_NAME empty — needs manufacturer-source enrichment. | Classpath unresolved — needs classification review. | No attributes extracted — description too sparse or needs enrichment.
25796,False,0.27,True,False,1,Product type/classpath unresolved by rules — needs AI classification or review. | Brand unresolved from input — needs manufacturer-source enrichment. | MOBILE_DESC is 17 chars (target 60-80). | BRAND_NAME empty — needs manufacturer-source enrichment. | Classpath unresolved — needs classification review.
40503,False,0.27,True,False,1,Product type/classpath unresolved by rules — needs AI classification or review. | Brand unresolved from input — needs manufacturer-source enrichment. | MOBILE_DESC is 17 chars (target 60-80). | BRAND_NAME empty — needs manufacturer-source enrichment. | Classpath unresolved — needs classification review.
25825,False,0.19,True,False,0,Product type/classpath unresolved by rules — needs AI classification or review. | Brand unresolved from input — needs manufacturer-source enrichment. | MOBILE_DESC is 17 chars (target 60-80). | BRAND_NAME empty — needs manufacturer-source enrichment. | Classpath unresolved — needs classification review. | No attributes extracted — description too sparse or needs enrichment.
25822,False,0.27,True,False,1,Product type/classpath unresolved by rules — needs AI classification or review. | Brand unresolved from input — needs manufacturer-source enrichment. | MOBILE_DESC is 17 chars (target 60-80). | BRAND_NAME empty — needs manufacturer-source enrichment. | Classpath unresolved — needs classification review.
543650101,False,0.19,True,False,0,Product type/classpath unresolved by rules — needs AI classification or review. | Brand unresolved from input — needs manufacturer-source enrichment. | MOBILE_DESC is 43 chars (target 60-80). | BRAND_NAME empty — needs manufacturer-source enrichment. | Classpath unresolved — needs classification review. | No attributes extracted — description too sparse or needs enrichment.
543650010,False,0.19,True,False,0,Product type/classpath unresolved by rules — needs AI classification or review. | Brand unresolved from input — needs manufacturer-source enrichment. | MOBILE_DESC is 43 chars (target 60-80). | BRAND_NAME empty — needs manufacturer-source enrichment. | Classpath unresolved — needs classification review. | No attributes extracted — description too sparse or needs enrichment.
543650048,False,0.19,True,False,0,Product type/classpath unresolved by rules — needs AI classification or review. | Brand unresolved from input — needs manufacturer-source enrichment. | MOBILE_DESC is 43 chars (target 60-80). | BRAND_NAME empty — needs manufacturer-source enrichment. | Classpath unresolved — needs classification review. | No attributes extracted — description too sparse or needs enrichment.
1506969,False,0.09,True,False,0,Product type/classpath unresolved by rules — needs AI classification or review. | Brand unresolved from input — needs manufacturer-source enrichment. | MOBILE_DESC is 7 chars (target 60-80). | BRAND_NAME empty — needs manufacturer-source enrichment. | Classpath unresolved — needs classification review. | No attributes extracted — description too sparse or needs enrichment.
1514681,False,0.09,True,False,0,Product type/classpath unresolved by rules — needs AI classification or review. | Brand unresolved from input — needs manufacturer-source enrichment. | MOBILE_DESC is 7 chars (target 60-80). | BRAND_NAME empty — needs manufacturer-source enrichment. | Classpath unresolved — needs classification review. | No attributes extracted — description too sparse or needs enrichment.
1514726,False,0.09,True,False,0,Product type/classpath unresolved by rules — needs AI classification or review. | Brand unresolved from input — needs manufacturer-source enrichment. | MOBILE_DESC is 7 chars (target 60-80). | BRAND_NAME empty — needs manufacturer-source enrichment. | Classpath unresolved — needs classification review. | No attributes extracted — description too sparse or needs enrichment.
1728ABL,False,0.19,True,False,0,Product type/classpath unresolved by rules — needs AI classification or review. | Brand unresolved from input — needs manufacturer-source enrichment. | MOBILE_DESC is 35 chars (target 60-80). | BRAND_NAME empty — needs manufacturer-source enrichment. | Classpath unresolved — needs classification review. | No attributes extracted — description too sparse or needs enrichment.
402-R,False,0.19,True,False,0,Product type/classpath unresolved by rules — needs AI classification or review. | Brand unresolved from input — needs manufacturer-source enrichment. | MOBILE_DESC is 34 chars (target 60-80). | BRAND_NAME empty — needs manufacturer-source enrichment. | Classpath unresolved — needs classification review. | No attributes extracted — description too sparse or needs enrichment.
SL1672,False,0.09,True,False,0,Product type/classpath unresolved by rules — needs AI classification or review. | Brand unresolved from input — needs manufacturer-source enrichment. | MOBILE_DESC is 6 chars (target 60-80). | BRAND_NAME empty — needs manufacturer-source enrichment. | Classpath unresolved — needs classification review. | No attributes extracted — description too sparse or needs enrichment.
BM-DW20-YLW-6,False,0.36,True,False,0,Product type/classpath unresolved by rules — needs AI classification or review. | MOBILE_DESC is 39 chars (target 60-80). | Classpath unresolved — needs classification review. | No attributes extracted — description too sparse or needs enrichment.
BHA1-UPC,False,0.19,True,False,0,Product type/classpath unresolved by rules — needs AI classification or review. | Brand unresolved from input — needs manufacturer-source enrichment. | MOBILE_DESC is 28 chars (target 60-80). | BRAND_NAME empty — needs manufacturer-source enrichment. | Classpath unresolved — needs classification review. | No attributes extracted — description too sparse or needs enrichment.
G1941-UPC,False,0.19,True,False,0,Product type/classpath unresolved by rules — needs AI classification or review. | Brand unresolved from input — needs manufacturer-source enrichment. | MOBILE_DESC is 29 chars (target 60-80). | BRAND_NAME empty — needs manufacturer-source enrichment. | Classpath unresolved — needs classification review. | No attributes extracted — description too sparse or needs enrichment.
G1950-UPC,False,0.19,True,False,0,Product type/classpath unresolved by rules — needs AI classification or review. | Brand unresolved from input — needs manufacturer-source enrichment. | MOBILE_DESC is 29 chars (target 60-80). | BRAND_NAME empty — needs manufacturer-source enrichment. | Classpath unresolved — needs classification review. | No attributes extracted — description too sparse or needs enrichment.
A410RCAR,False,0.19,True,False,0,Product type/classpath unresolved by rules — needs AI classification or review. | Brand unresolved from input — needs manufacturer-source enrichment. | MOBILE_DESC is 24 chars (target 60-80). | BRAND_NAME empty — needs manufacturer-source enrichment. | Classpath unresolved — needs classification review. | No attributes extracted — description too sparse or needs enrichment.
G1951-UPC,False,0.19,True,False,0,Product type/classpath unresolved by rules — needs AI classification or review. | Brand unresolved from input — needs manufacturer-source enrichment. | MOBILE_DESC is 29 chars (target 60-80). | BRAND_NAME empty — needs manufacturer-source enrichment. | Classpath unresolved — needs classification review. | No attributes extracted — description too sparse or needs enrichment.
52C3-5/8-UPC,False,0.19,True,False,0,Product type/classpath unresolved by rules — needs AI classification or review. | Brand unresolved from input — needs manufacturer-source enrichment. | MOBILE_DESC is 37 chars (target 60-80). | BRAND_NAME empty — needs manufacturer-source enrichment. | Classpath unresolved — needs classification review. | No attributes extracted — description too sparse or needs enrichment.
52C14-5/8-UPC,False,0.19,True,False,0,Product type/classpath unresolved by rules — needs AI classification or review. | Brand unresolved from input — needs manufacturer-source enrichment. | MOBILE_DESC is 38 chars (target 60-80). | BRAND_NAME empty — needs manufacturer-source enrichment. | Classpath unresolved — needs classification review. | No attributes extracted — description too sparse or needs enrichment.
52C3-UPC,False,0.19,True,False,0,Product type/classpath unresolved by rules — needs AI classification or review. | Brand unresolved from input — needs manufacturer-source enrichment. | MOBILE_DESC is 33 chars (target 60-80). | BRAND_NAME empty — needs manufacturer-source enrichment. | Classpath unresolved — needs classification review. | No attributes extracted — description too sparse or needs enrichment.
54151-F-UPC,False,0.19,True,False,0,Product type/classpath unresolved by rules — needs AI classification or review. | Brand unresolved from input — needs manufacturer-source enrichment. | MOBILE_DESC is 31 chars (target 60-80). | BRAND_NAME empty — needs manufacturer-source enrichment. | Classpath unresolved — needs classification review. | No attributes extracted — description too sparse or needs enrichment.
54151-HUR-UPC,False,0.19,True,False,0,Product type/classpath unresolved by rules — needs AI classification or review. | Brand unresolved from input — needs manufacturer-source enrichment. | MOBILE_DESC is 33 chars (target 60-80). | BRAND_NAME empty — needs manufacturer-source enrichment. | Classpath unresolved — needs classification review. | No attributes extracted — description too sparse or needs enrichment.
54151-JR-UPC,False,0.19,True,False,0,Product type/classpath unresolved by rules — needs AI classification or review. | Brand unresolved from input — needs manufacturer-source enrichment. | MOBILE_DESC is 32 chars (target 60-80). | BRAND_NAME empty — needs manufacturer-source enrichment. | Classpath unresolved — needs classification review. | No attributes extracted — description too sparse or needs enrichment.
54171-R-UPC,False,0.19,True,False,0,Product type/classpath unresolved by rules — needs AI classification or review. | Brand unresolved from input — needs manufacturer-source enrichment. | MOBILE_DESC is 31 chars (target 60-80). | BRAND_NAME empty — needs manufacturer-source enrichment. | Classpath unresolved — needs classification review. | No attributes extracted — description too sparse or needs enrichment.
52151-S-UPC,False,0.19,True,False,0,Product type/classpath unresolved by rules — needs AI classification or review. | Brand unresolved from input — needs manufacturer-source enrichment. | MOBILE_DESC is 31 chars (target 60-80). | BRAND_NAME empty — needs manufacturer-source enrichment. | Classpath unresolved — needs classification review. | No attributes extracted — description too sparse or needs enrichment.
72171-3/4-1W-UPC,False,0.19,True,False,0,Product type/classpath unresolved by rules — needs AI classification or review. | Brand unresolved from input — needs manufacturer-source enrichment. | MOBILE_DESC is 37 chars (target 60-80). | BRAND_NAME empty — needs manufacturer-source enrichment. | Classpath unresolved — needs classification review. | No attributes extracted — description too sparse or needs enrichment.
5522-5EV,False,0.09,True,True,0,"Part_Manuf 'Cooper Wiring Devices' looks like a distributor, not a manufacturer — withheld and flagged. | Product type/classpath unresolved by rules — needs AI classification or review. | Brand unresolved from input — needs manufacturer-source enrichment. | MOBILE_DESC is 8 chars (target 60-80). | BRAND_NAME empty — needs manufacturer-source enrichment. | Classpath unresolved — needs classification review. | No attributes extracted — description too sparse or needs enrichment. | ANOMALY: Part_Manuf 'Cooper Wiring Devices' is a distributor/reseller and no manufacturer could be resolved from the brand — withheld pending review."
AYCL-153PH-LA,False,0.19,True,False,0,Product type/classpath unresolved by rules — needs AI classification or review. | Brand unresolved from input — needs manufacturer-source enrichment. | MOBILE_DESC is 39 chars (target 60-80). | BRAND_NAME empty — needs manufacturer-source enrichment. | Classpath unresolved — needs classification review. | No attributes extracted — description too sparse or needs enrichment.
AYCL-153PH-WH,False,0.19,True,False,0,Product type/classpath unresolved by rules — needs AI classification or review. | Brand unresolved from input — needs manufacturer-source enrichment. | MOBILE_DESC is 39 chars (target 60-80). | BRAND_NAME empty — needs manufacturer-source enrichment. | Classpath unresolved — needs classification review. | No attributes extracted — description too sparse or needs enrichment.
D23LP-R02-1RW,False,0.19,True,False,0,Product type/classpath unresolved by rules — needs AI classification or review. | Brand unresolved from input — needs manufacturer-source enrichment. | MOBILE_DESC is 29 chars (target 60-80). | BRAND_NAME empty — needs manufacturer-source enrichment. | Classpath unresolved — needs classification review. | No attributes extracted — description too sparse or needs enrichment.
TNOCD002,False,0.27,True,False,1,Product type/classpath unresolved by rules — needs AI classification or review. | Brand unresolved from input — needs manufacturer-source enrichment. | MOBILE_DESC is 28 chars (target 60-80). | BRAND_NAME empty — needs manufacturer-source enrichment. | Classpath unresolved — needs classification review.
TNDHD002,False,0.27,True,False,1,Product type/classpath unresolved by rules — needs AI classification or review. | Brand unresolved from input — needs manufacturer-source enrichment. | MOBILE_DESC is 28 chars (target 60-80). | BRAND_NAME empty — needs manufacturer-source enrichment. | Classpath unresolved — needs classification review.
TNIDP12,False,0.27,True,False,1,Product type/classpath unresolved by rules — needs AI classification or review. | Brand unresolved from input — needs manufacturer-source enrichment. | MOBILE_DESC is 27 chars (target 60-80). | BRAND_NAME empty — needs manufacturer-source enrichment. | Classpath unresolved — needs classification review.
TNIW24,False,0.27,True,False,1,Product type/classpath unresolved by rules — needs AI classification or review. | Brand unresolved from input — needs manufacturer-source enrichment. | MOBILE_DESC is 26 chars (target 60-80). | BRAND_NAME empty — needs manufacturer-source enrichment. | Classpath unresolved — needs classification review.
65-1222,False,0.19,True,False,0,Product type/classpath unresolved by rules — needs AI classification or review. | Brand unresolved from input — needs manufacturer-source enrichment. | MOBILE_DESC is 23 chars (target 60-80). | BRAND_NAME empty — needs manufacturer-source enrichment. | Classpath unresolved — needs classification review. | No attributes extracted — description too sparse or needs enrichment.
65-1224,False,0.19,True,False,0,Product type/classpath unresolved by rules — needs AI classification or review. | Brand unresolved from input — needs manufacturer-source enrichment. | MOBILE_DESC is 23 chars (target 60-80). | BRAND_NAME empty — needs manufacturer-source enrichment. | Classpath unresolved — needs classification review. | No attributes extracted — description too sparse or needs enrichment.
45297BK,False,0.19,True,False,0,Product type/classpath unresolved by rules — needs AI classification or review. | Brand unresolved from input — needs manufacturer-source enrichment. | MOBILE_DESC is 25 chars (target 60-80). | BRAND_NAME empty — needs manufacturer-source enrichment. | Classpath unresolved — needs classification review. | No attributes extracted — description too sparse or needs enrichment.
45573BK,False,0.19,True,False,0,Product type/classpath unresolved by rules — needs AI classification or review. | Brand unresolved from input — needs manufacturer-source enrichment. | MOBILE_DESC is 25 chars (target 60-80). | BRAND_NAME empty — needs manufacturer-source enrichment. | Classpath unresolved — needs classification review. | No attributes extracted — description too sparse or needs enrichment.
37418A,False,0.27,True,False,1,Product type/classpath unresolved by rules — needs AI classification or review. | Brand unresolved from input — needs manufacturer-source enrichment. | MOBILE_DESC is 25 chars (target 60-80). | BRAND_NAME empty — needs manufacturer-source enrichment. | Classpath unresolved — needs classification review.
37423A,False,0.27,True,False,1,Product type/classpath unresolved by rules — needs AI classification or review. | Brand unresolved from input — needs manufacturer-source enrichment. | MOBILE_DESC is 25 chars (target 60-80). | BRAND_NAME empty — needs manufacturer-source enrichment. | Classpath unresolved — needs classification review.
45496BKCLR,False,0.19,True,False,0,Product type/classpath unresolved by rules — needs AI classification or review. | Brand unresolved from input — needs manufacturer-source enrichment. | MOBILE_DESC is 28 chars (target 60-80). | BRAND_NAME empty — needs manufacturer-source enrichment. | Classpath unresolved — needs classification review. | No attributes extracted — description too sparse or needs enrichment.
45973BK,False,0.19,True,False,0,Product type/classpath unresolved by rules — needs AI classification or review. | Brand unresolved from input — needs manufacturer-source enrichment. | MOBILE_DESC is 25 chars (target 60-80). | BRAND_NAME empty — needs manufacturer-source enrichment. | Classpath unresolved — needs classification review. | No attributes extracted — description too sparse or needs enrichment.
55155BK,False,0.19,True,False,0,Product type/classpath unresolved by rules — needs AI classification or review. | Brand unresolved from input — needs manufacturer-source enrichment. | MOBILE_DESC is 25 chars (target 60-80). | BRAND_NAME empty — needs manufacturer-source enrichment. | Classpath unresolved — needs classification review. | No attributes extracted — description too sparse or needs enrichment.
55157CPZ,False,0.19,True,False,0,Product type/classpath unresolved by rules — needs AI classification or review. | Brand unresolved from input — needs manufacturer-source enrichment. | MOBILE_DESC is 26 chars (target 60-80). | BRAND_NAME empty — needs manufacturer-source enrichment. | Classpath unresolved — needs classification review. | No attributes extracted — description too sparse or needs enrichment.
55184BK,False,0.19,True,False,0,Product type/classpath unresolved by rules — needs AI classification or review. | Brand unresolved from input — needs manufacturer-source enrichment. | MOBILE_DESC is 25 chars (target 60-80). | BRAND_NAME empty — needs manufacturer-source enrichment. | Classpath unresolved — needs classification review. | No attributes extracted — description too sparse or needs enrichment.
55185BK,False,0.19,True,False,0,Product type/classpath unresolved by rules — needs AI classification or review. | Brand unresolved from input — needs manufacturer-source enrichment. | MOBILE_DESC is 25 chars (target 60-80). | BRAND_NAME empty — needs manufacturer-source enrichment. | Classpath unresolved — needs classification review. | No attributes extracted — description too sparse or needs enrichment.
55186CH,False,0.19,True,False,0,Product type/classpath unresolved by rules — needs AI classification or review. | Brand unresolved from input — needs manufacturer-source enrichment. | MOBILE_DESC is 25 chars (target 60-80). | BRAND_NAME empty — needs manufacturer-source enrichment. | Classpath unresolved — needs classification review. | No attributes extracted — description too sparse or needs enrichment.
55210NI,False,0.19,True,False,0,Product type/classpath unresolved by rules — needs AI classification or review. | Brand unresolved from input — needs manufacturer-source enrichment. | MOBILE_DESC is 25 chars (target 60-80). | BRAND_NAME empty — needs manufacturer-source enrichment. | Classpath unresolved — needs classification review. | No attributes extracted — description too sparse or needs enrichment.
55211BK,False,0.19,True,False,0,Product type/classpath unresolved by rules — needs AI classification or review. | Brand unresolved from input — needs manufacturer-source enrichment. | MOBILE_DESC is 25 chars (target 60-80). | BRAND_NAME empty — needs manufacturer-source enrichment. | Classpath unresolved — needs classification review. | No attributes extracted — description too sparse or needs enrichment.
55211NI,False,0.19,True,False,0,Product type/classpath unresolved by rules — needs AI classification or review. | Brand unresolved from input — needs manufacturer-source enrichment. | MOBILE_DESC is 25 chars (target 60-80). | BRAND_NAME empty — needs manufacturer-source enrichment. | Classpath unresolved — needs classification review. | No attributes extracted — description too sparse or needs enrichment.
55212NI,False,0.19,True,False,0,Product type/classpath unresolved by rules — needs AI classification or review. | Brand unresolved from input — needs manufacturer-source enrichment. | MOBILE_DESC is 25 chars (target 60-80). | BRAND_NAME empty — needs manufacturer-source enrichment. | Classpath unresolved — needs classification review. | No attributes extracted — description too sparse or needs enrichment.
55226BKLFU,False,0.19,True,False,0,Product type/classpath unresolved by rules — needs AI classification or review. | Brand unresolved from input — needs manufacturer-source enrichment. | MOBILE_DESC is 28 chars (target 60-80). | BRAND_NAME empty — needs manufacturer-source enrichment. | Classpath unresolved — needs classification review. | No attributes extracted — description too sparse or needs enrichment.
55239CPZLED,False,0.19,True,False,0,Product type/classpath unresolved by rules — needs AI classification or review. | Brand unresolved from input — needs manufacturer-source enrichment. | MOBILE_DESC is 29 chars (target 60-80). | BRAND_NAME empty — needs manufacturer-source enrichment. | Classpath unresolved — needs classification review. | No attributes extracted — description too sparse or needs enrichment.
44072DBK,False,0.19,True,False,0,Product type/classpath unresolved by rules — needs AI classification or review. | Brand unresolved from input — needs manufacturer-source enrichment. | MOBILE_DESC is 26 chars (target 60-80). | BRAND_NAME empty — needs manufacturer-source enrichment. | Classpath unresolved — needs classification review. | No attributes extracted — description too sparse or needs enrichment.
44073NI,False,0.19,True,False,0,Product type/classpath unresolved by rules — needs AI classification or review. | Brand unresolved from input — needs manufacturer-source enrichment. | MOBILE_DESC is 25 chars (target 60-80). | BRAND_NAME empty — needs manufacturer-source enrichment. | Classpath unresolved — needs classification review. | No attributes extracted — description too sparse or needs enrichment.
52033BK,False,0.19,True,False,0,Product type/classpath unresolved by rules — needs AI classification or review. | Brand unresolved from input — needs manufacturer-source enrichment. | MOBILE_DESC is 25 chars (target 60-80). | BRAND_NAME empty — needs manufacturer-source enrichment. | Classpath unresolved — needs classification review. | No attributes extracted — description too sparse or needs enrichment.
84322WH,False,0.19,True,False,0,Product type/classpath unresolved by rules — needs AI classification or review. | Brand unresolved from input — needs manufacturer-source enrichment. | MOBILE_DESC is 25 chars (target 60-80). | BRAND_NAME empty — needs manufacturer-source enrichment. | Classpath unresolved — needs classification review. | No attributes extracted — description too sparse or needs enrichment.
52404BK,False,0.19,True,False,0,Product type/classpath unresolved by rules — needs AI classification or review. | Brand unresolved from input — needs manufacturer-source enrichment. | MOBILE_DESC is 25 chars (target 60-80). | BRAND_NAME empty — needs manufacturer-source enrichment. | Classpath unresolved — needs classification review. | No attributes extracted — description too sparse or needs enrichment.
34686A,False,0.27,True,False,1,Product type/classpath unresolved by rules — needs AI classification or review. | Brand unresolved from input — needs manufacturer-source enrichment. | MOBILE_DESC is 25 chars (target 60-80). | BRAND_NAME empty — needs manufacturer-source enrichment. | Classpath unresolved — needs classification review.
34687A,False,0.27,True,False,1,Product type/classpath unresolved by rules — needs AI classification or review. | Brand unresolved from input — needs manufacturer-source enrichment. | MOBILE_DESC is 25 chars (target 60-80). | BRAND_NAME empty — needs manufacturer-source enrichment. | Classpath unresolved — needs classification review.
34688A,False,0.17,True,False,1,Product type/classpath unresolved by rules — needs AI classification or review. | Brand unresolved from input — needs manufacturer-source enrichment. | MOBILE_DESC is 7 chars (target 60-80). | BRAND_NAME empty — needs manufacturer-source enrichment. | Classpath unresolved — needs classification review.
43671BKCLR,False,0.19,True,False,0,Product type/classpath unresolved by rules — needs AI classification or review. | Brand unresolved from input — needs manufacturer-source enrichment. | MOBILE_DESC is 28 chars (target 60-80). | BRAND_NAME empty — needs manufacturer-source enrichment. | Classpath unresolved — needs classification review. | No attributes extracted — description too sparse or needs enrichment.
52616BK,False,0.19,True,False,0,Product type/classpath unresolved by rules — needs AI classification or review. | Brand unresolved from input — needs manufacturer-source enrichment. | MOBILE_DESC is 25 chars (target 60-80). | BRAND_NAME empty — needs manufacturer-source enrichment. | Classpath unresolved — needs classification review. | No attributes extracted — description too sparse or needs enrichment.
52616NI,False,0.19,True,False,0,Product type/classpath unresolved by rules — needs AI classification or review. | Brand unresolved from input — needs manufacturer-source enrichment. | MOBILE_DESC is 25 chars (target 60-80). | BRAND_NAME empty — needs manufacturer-source enrichment. | Classpath unresolved — needs classification review. | No attributes extracted — description too sparse or needs enrichment.
52678BK,False,0.19,True,False,0,Product type/classpath unresolved by rules — needs AI classification or review. | Brand unresolved from input — needs manufacturer-source enrichment. | MOBILE_DESC is 25 chars (target 60-80). | BRAND_NAME empty — needs manufacturer-source enrichment. | Classpath unresolved — needs classification review. | No attributes extracted — description too sparse or needs enrichment.
52680CPZ,False,0.19,True,False,0,Product type/classpath unresolved by rules — needs AI classification or review. | Brand unresolved from input — needs manufacturer-source enrichment. | MOBILE_DESC is 26 chars (target 60-80). | BRAND_NAME empty — needs manufacturer-source enrichment. | Classpath unresolved — needs classification review. | No attributes extracted — description too sparse or needs enrichment.
52772BK,False,0.19,True,False,0,Product type/classpath unresolved by rules — needs AI classification or review. | Brand unresolved from input — needs manufacturer-source enrichment. | MOBILE_DESC is 25 chars (target 60-80). | BRAND_NAME empty — needs manufacturer-source enrichment. | Classpath unresolved — needs classification review. | No attributes extracted — description too sparse or needs enrichment.
82399,False,0.19,True,False,0,Product type/classpath unresolved by rules — needs AI classification or review. | Brand unresolved from input — needs manufacturer-source enrichment. | MOBILE_DESC is 23 chars (target 60-80). | BRAND_NAME empty — needs manufacturer-source enrichment. | Classpath unresolved — needs classification review. | No attributes extracted — description too sparse or needs enrichment.
65-771R3,False,0.19,True,False,0,Product type/classpath unresolved by rules — needs AI classification or review. | Brand unresolved from input — needs manufacturer-source enrichment. | MOBILE_DESC is 24 chars (target 60-80). | BRAND_NAME empty — needs manufacturer-source enrichment. | Classpath unresolved — needs classification review. | No attributes extracted — description too sparse or needs enrichment.
42955BK,False,0.19,True,False,0,Product type/classpath unresolved by rules — needs AI classification or review. | Brand unresolved from input — needs manufacturer-source enrichment. | MOBILE_DESC is 25 chars (target 60-80). | BRAND_NAME empty — needs manufacturer-source enrichment. | Classpath unresolved — needs classification review. | No attributes extracted — description too sparse or needs enrichment.
42275BK,False,0.19,True,False,0,Product type/classpath unresolved by rules — needs AI classification or review. | Brand unresolved from input — needs manufacturer-source enrichment. | MOBILE_DESC is 25 chars (target 60-80). | BRAND_NAME empty — needs manufacturer-source enrichment. | Classpath unresolved — needs classification review. | No attributes extracted — description too sparse or needs enrichment.
62-1850,False,0.19,True,False,0,Product type/classpath unresolved by rules — needs AI classification or review. | Brand unresolved from input — needs manufacturer-source enrichment. | MOBILE_DESC is 23 chars (target 60-80). | BRAND_NAME empty — needs manufacturer-source enrichment. | Classpath unresolved — needs classification review. | No attributes extracted — description too sparse or needs enrichment.
62-1852,False,0.19,True,False,0,Product type/classpath unresolved by rules — needs AI classification or review. | Brand unresolved from input — needs manufacturer-source enrichment. | MOBILE_DESC is 23 chars (target 60-80). | BRAND_NAME empty — needs manufacturer-source enrichment. | Classpath unresolved — needs classification review. | No attributes extracted — description too sparse or needs enrichment.
62-1875,False,0.19,True,False,0,Product type/classpath unresolved by rules — needs AI classification or review. | Brand unresolved from input — needs manufacturer-source enrichment. | MOBILE_DESC is 23 chars (target 60-80). | BRAND_NAME empty — needs manufacturer-source enrichment. | Classpath unresolved — needs classification review. | No attributes extracted — description too sparse or needs enrichment.
62-1876,False,0.19,True,False,0,Product type/classpath unresolved by rules — needs AI classification or review. | Brand unresolved from input — needs manufacturer-source enrichment. | MOBILE_DESC is 23 chars (target 60-80). | BRAND_NAME empty — needs manufacturer-source enrichment. | Classpath unresolved — needs classification review. | No attributes extracted — description too sparse or needs enrichment.
42296BK,False,0.19,True,False,0,Product type/classpath unresolved by rules — needs AI classification or review. | Brand unresolved from input — needs manufacturer-source enrichment. | MOBILE_DESC is 25 chars (target 60-80). | BRAND_NAME empty — needs manufacturer-source enrichment. | Classpath unresolved — needs classification review. | No attributes extracted — description too sparse or needs enrichment.
43913BK,False,0.19,True,False,0,Product type/classpath unresolved by rules — needs AI classification or review. | Brand unresolved from input — needs manufacturer-source enrichment. | MOBILE_DESC is 25 chars (target 60-80). | BRAND_NAME empty — needs manufacturer-source enrichment. | Classpath unresolved — needs classification review. | No attributes extracted — description too sparse or needs enrichment.
HLSMS9129FS1E,False,0.09,True,True,0,"Part_Manuf 'Cooper Lighting' looks like a distributor, not a manufacturer — withheld and flagged. | Product type/classpath unresolved by rules — needs AI classification or review. | Brand unresolved from input — needs manufacturer-source enrichment. | MOBILE_DESC is 13 chars (target 60-80). | BRAND_NAME empty — needs manufacturer-source enrichment. | Classpath unresolved — needs classification review. | No attributes extracted — description too sparse or needs enrichment. | ANOMALY: Part_Manuf 'Cooper Lighting' is a distributor/reseller and no manufacturer could be resolved from the brand — withheld pending review."
64-110,False,0.19,True,False,0,Product type/classpath unresolved by rules — needs AI classification or review. | Brand unresolved from input — needs manufacturer-source enrichment. | MOBILE_DESC is 22 chars (target 60-80). | BRAND_NAME empty — needs manufacturer-source enrichment. | Classpath unresolved — needs classification review. | No attributes extracted — description too sparse or needs enrichment.
603571,False,0.19,True,False,0,Product type/classpath unresolved by rules — needs AI classification or review. | Brand unresolved from input — needs manufacturer-source enrichment. | MOBILE_DESC is 25 chars (target 60-80). | BRAND_NAME empty — needs manufacturer-source enrichment. | Classpath unresolved — needs classification review. | No attributes extracted — description too sparse or needs enrichment.
65-572R1,False,0.19,True,False,0,Product type/classpath unresolved by rules — needs AI classification or review. | Brand unresolved from input — needs manufacturer-source enrichment. | MOBILE_DESC is 24 chars (target 60-80). | BRAND_NAME empty — needs manufacturer-source enrichment. | Classpath unresolved — needs classification review. | No attributes extracted — description too sparse or needs enrichment.
52476AVI,False,0.19,True,False,0,Product type/classpath unresolved by rules — needs AI classification or review. | Brand unresolved from input — needs manufacturer-source enrichment. | MOBILE_DESC is 26 chars (target 60-80). | BRAND_NAME empty — needs manufacturer-source enrichment. | Classpath unresolved — needs classification review. | No attributes extracted — description too sparse or needs enrichment.
42199BK,False,0.19,True,False,0,Product type/classpath unresolved by rules — needs AI classification or review. | Brand unresolved from input — needs manufacturer-source enrichment. | MOBILE_DESC is 25 chars (target 60-80). | BRAND_NAME empty — needs manufacturer-source enrichment. | Classpath unresolved — needs classification review. | No attributes extracted — description too sparse or needs enrichment.
42199BKCS,False,0.19,True,False,0,Product type/classpath unresolved by rules — needs AI classification or review. | Brand unresolved from input — needs manufacturer-source enrichment. | MOBILE_DESC is 27 chars (target 60-80). | BRAND_NAME empty — needs manufacturer-source enrichment. | Classpath unresolved — needs classification review. | No attributes extracted — description too sparse or needs enrichment.
42200BK,False,0.19,True,False,0,Product type/classpath unresolved by rules — needs AI classification or review. | Brand unresolved from input — needs manufacturer-source enrichment. | MOBILE_DESC is 25 chars (target 60-80). | BRAND_NAME empty — needs manufacturer-source enrichment. | Classpath unresolved — needs classification review. | No attributes extracted — description too sparse or needs enrichment.
42200BKCS,False,0.19,True,False,0,Product type/classpath unresolved by rules — needs AI classification or review. | Brand unresolved from input — needs manufacturer-source enrichment. | MOBILE_DESC is 27 chars (target 60-80). | BRAND_NAME empty — needs manufacturer-source enrichment. | Classpath unresolved — needs classification review. | No attributes extracted — description too sparse or needs enrichment.
43851BK,False,0.19,True,False,0,Product type/classpath unresolved by rules — needs AI classification or review. | Brand unresolved from input — needs manufacturer-source enrichment. | MOBILE_DESC is 25 chars (target 60-80). | BRAND_NAME empty — needs manufacturer-source enrichment. | Classpath unresolved — needs classification review. | No attributes extracted — description too sparse or needs enrichment.
43852BK,False,0.19,True,False,0,Product type/classpath unresolved by rules — needs AI classification or review. | Brand unresolved from input — needs manufacturer-source enrichment. | MOBILE_DESC is 25 chars (target 60-80). | BRAND_NAME empty — needs manufacturer-source enrichment. | Classpath unresolved — needs classification review. | No attributes extracted — description too sparse or needs enrichment.
43853BK,False,0.19,True,False,0,Product type/classpath unresolved by rules — needs AI classification or review. | Brand unresolved from input — needs manufacturer-source enrichment. | MOBILE_DESC is 25 chars (target 60-80). | BRAND_NAME empty — needs manufacturer-source enrichment. | Classpath unresolved — needs classification review. | No attributes extracted — description too sparse or needs enrichment.
43905BK,False,0.19,True,False,0,Product type/classpath unresolved by rules — needs AI classification or review. | Brand unresolved from input — needs manufacturer-source enrichment. | MOBILE_DESC is 25 chars (target 60-80). | BRAND_NAME empty — needs manufacturer-source enrichment. | Classpath unresolved — needs classification review. | No attributes extracted — description too sparse or needs enrichment.
43911BK,False,0.19,True,False,0,Product type/classpath unresolved by rules — needs AI classification or review. | Brand unresolved from input — needs manufacturer-source enrichment. | MOBILE_DESC is 25 chars (target 60-80). | BRAND_NAME empty — needs manufacturer-source enrichment. | Classpath unresolved — needs classification review. | No attributes extracted — description too sparse or needs enrichment.
52529BK,False,0.19,True,False,0,Product type/classpath unresolved by rules — needs AI classification or review. | Brand unresolved from input — needs manufacturer-source enrichment. | MOBILE_DESC is 25 chars (target 60-80). | BRAND_NAME empty — needs manufacturer-source enrichment. | Classpath unresolved — needs classification review. | No attributes extracted — description too sparse or needs enrichment.
52662BKCLR,False,0.19,True,False,0,Product type/classpath unresolved by rules — needs AI classification or review. | Brand unresolved from input — needs manufacturer-source enrichment. | MOBILE_DESC is 28 chars (target 60-80). | BRAND_NAME empty — needs manufacturer-source enrichment. | Classpath unresolved — needs classification review. | No attributes extracted — description too sparse or needs enrichment.
52734CPZ,False,0.19,True,False,0,Product type/classpath unresolved by rules — needs AI classification or review. | Brand unresolved from input — needs manufacturer-source enrichment. | MOBILE_DESC is 26 chars (target 60-80). | BRAND_NAME empty — needs manufacturer-source enrichment. | Classpath unresolved — needs classification review. | No attributes extracted — description too sparse or needs enrichment.
82400,False,0.19,True,False,0,Product type/classpath unresolved by rules — needs AI classification or review. | Brand unresolved from input — needs manufacturer-source enrichment. | MOBILE_DESC is 23 chars (target 60-80). | BRAND_NAME empty — needs manufacturer-source enrichment. | Classpath unresolved — needs classification review. | No attributes extracted — description too sparse or needs enrichment.
S11606,False,0.19,True,False,0,Product type/classpath unresolved by rules — needs AI classification or review. | Brand unresolved from input — needs manufacturer-source enrichment. | MOBILE_DESC is 22 chars (target 60-80). | BRAND_NAME empty — needs manufacturer-source enrichment. | Classpath unresolved — needs classification review. | No attributes extracted — description too sparse or needs enrichment.
S11828,False,0.19,True,False,0,Product type/classpath unresolved by rules — needs AI classification or review. | Brand unresolved from input — needs manufacturer-source enrichment. | MOBILE_DESC is 22 chars (target 60-80). | BRAND_NAME empty — needs manufacturer-source enrichment. | Classpath unresolved — needs classification review. | No attributes extracted — description too sparse or needs enrichment.
801274,False,0.27,True,False,1,Product type/classpath unresolved by rules — needs AI classification or review. | Brand unresolved from input — needs manufacturer-source enrichment. | MOBILE_DESC is 25 chars (target 60-80). | BRAND_NAME empty — needs manufacturer-source enrichment. | Classpath unresolved — needs classification review.
S11860,False,0.19,True,False,0,Product type/classpath unresolved by rules — needs AI classification or review. | Brand unresolved from input — needs manufacturer-source enrichment. | MOBILE_DESC is 22 chars (target 60-80). | BRAND_NAME empty — needs manufacturer-source enrichment. | Classpath unresolved — needs classification review. | No attributes extracted — description too sparse or needs enrichment.
S11562,False,0.19,True,False,0,Product type/classpath unresolved by rules — needs AI classification or review. | Brand unresolved from input — needs manufacturer-source enrichment. | MOBILE_DESC is 22 chars (target 60-80). | BRAND_NAME empty — needs manufacturer-source enrichment. | Classpath unresolved — needs classification review. | No attributes extracted — description too sparse or needs enrichment.
S11646,False,0.19,True,False,0,Product type/classpath unresolved by rules — needs AI classification or review. | Brand unresolved from input — needs manufacturer-source enrichment. | MOBILE_DESC is 22 chars (target 60-80). | BRAND_NAME empty — needs manufacturer-source enrichment. | Classpath unresolved — needs classification review. | No attributes extracted — description too sparse or needs enrichment.
S11801R1,False,0.19,True,False,0,Product type/classpath unresolved by rules — needs AI classification or review. | Brand unresolved from input — needs manufacturer-source enrichment. | MOBILE_DESC is 24 chars (target 60-80). | BRAND_NAME empty — needs manufacturer-source enrichment. | Classpath unresolved — needs classification review. | No attributes extracted — description too sparse or needs enrichment.
S11848,False,0.19,True,False,0,Product type/classpath unresolved by rules — needs AI classification or review. | Brand unresolved from input — needs manufacturer-source enrichment. | MOBILE_DESC is 22 chars (target 60-80). | BRAND_NAME empty — needs manufacturer-source enrichment. | Classpath unresolved — needs classification review. | No attributes extracted — description too sparse or needs enrichment.
S11849,False,0.19,True,False,0,Product type/classpath unresolved by rules — needs AI classification or review. | Brand unresolved from input — needs manufacturer-source enrichment. | MOBILE_DESC is 22 chars (target 60-80). | BRAND_NAME empty — needs manufacturer-source enrichment. | Classpath unresolved — needs classification review. | No attributes extracted — description too sparse or needs enrichment.
HLBSL609FS5,False,0.09,True,True,0,"Part_Manuf 'Cooper Lighting' looks like a distributor, not a manufacturer — withheld and flagged. | Product type/classpath unresolved by rules — needs AI classification or review. | Brand unresolved from input — needs manufacturer-source enrichment. | MOBILE_DESC is 11 chars (target 60-80). | BRAND_NAME empty — needs manufacturer-source enrichment. | Classpath unresolved — needs classification review. | No attributes extracted — description too sparse or needs enrichment. | ANOMALY: Part_Manuf 'Cooper Lighting' is a distributor/reseller and no manufacturer could be resolved from the brand — withheld pending review."
WF4REGSWW590CRIMW,False,0.19,True,False,0,Product type/classpath unresolved by rules — needs AI classification or review. | Brand unresolved from input — needs manufacturer-source enrichment. | MOBILE_DESC is 36 chars (target 60-80). | BRAND_NAME empty — needs manufacturer-source enrichment. | Classpath unresolved — needs classification review. | No attributes extracted — description too sparse or needs enrichment.
43849WH5CCT,False,0.19,True,False,0,Product type/classpath unresolved by rules — needs AI classification or review. | Brand unresolved from input — needs manufacturer-source enrichment. | MOBILE_DESC is 29 chars (target 60-80). | BRAND_NAME empty — needs manufacturer-source enrichment. | Classpath unresolved — needs classification review. | No attributes extracted — description too sparse or needs enrichment.
62-1777,False,0.19,True,False,0,Product type/classpath unresolved by rules — needs AI classification or review. | Brand unresolved from input — needs manufacturer-source enrichment. | MOBILE_DESC is 23 chars (target 60-80). | BRAND_NAME empty — needs manufacturer-source enrichment. | Classpath unresolved — needs classification review. | No attributes extracted — description too sparse or needs enrichment.
62-1778,False,0.19,True,False,0,Product type/classpath unresolved by rules — needs AI classification or review. | Brand unresolved from input — needs manufacturer-source enrichment. | MOBILE_DESC is 23 chars (target 60-80). | BRAND_NAME empty — needs manufacturer-source enrichment. | Classpath unresolved — needs classification review. | No attributes extracted — description too sparse or needs enrichment.
62-1784,False,0.19,True,False,0,Product type/classpath unresolved by rules — needs AI classification or review. | Brand unresolved from input — needs manufacturer-source enrichment. | MOBILE_DESC is 23 chars (target 60-80). | BRAND_NAME empty — needs manufacturer-source enrichment. | Classpath unresolved — needs classification review. | No attributes extracted — description too sparse or needs enrichment.
62-1787,False,0.19,True,False,0,Product type/classpath unresolved by rules — needs AI classification or review. | Brand unresolved from input — needs manufacturer-source enrichment. | MOBILE_DESC is 23 chars (target 60-80). | BRAND_NAME empty — needs manufacturer-source enrichment. | Classpath unresolved — needs classification review. | No attributes extracted — description too sparse or needs enrichment.
62-1788,False,0.19,True,False,0,Product type/classpath unresolved by rules — needs AI classification or review. | Brand unresolved from input — needs manufacturer-source enrichment. | MOBILE_DESC is 23 chars (target 60-80). | BRAND_NAME empty — needs manufacturer-source enrichment. | Classpath unresolved — needs classification review. | No attributes extracted — description too sparse or needs enrichment.
SHOP/4X2/840/V1,False,0.19,True,False,0,Product type/classpath unresolved by rules — needs AI classification or review. | Brand unresolved from input — needs manufacturer-source enrichment. | MOBILE_DESC is 30 chars (target 60-80). | BRAND_NAME empty — needs manufacturer-source enrichment. | Classpath unresolved — needs classification review. | No attributes extracted — description too sparse or needs enrichment.
45495BKCLR,False,0.19,True,False,0,Product type/classpath unresolved by rules — needs AI classification or review. | Brand unresolved from input — needs manufacturer-source enrichment. | MOBILE_DESC is 28 chars (target 60-80). | BRAND_NAME empty — needs manufacturer-source enrichment. | Classpath unresolved — needs classification review. | No attributes extracted — description too sparse or needs enrichment.
55209NI,False,0.19,True,False,0,Product type/classpath unresolved by rules — needs AI classification or review. | Brand unresolved from input — needs manufacturer-source enrichment. | MOBILE_DESC is 25 chars (target 60-80). | BRAND_NAME empty — needs manufacturer-source enrichment. | Classpath unresolved — needs classification review. | No attributes extracted — description too sparse or needs enrichment.
65-1210,False,0.19,True,False,0,Product type/classpath unresolved by rules — needs AI classification or review. | Brand unresolved from input — needs manufacturer-source enrichment. | MOBILE_DESC is 23 chars (target 60-80). | BRAND_NAME empty — needs manufacturer-source enrichment. | Classpath unresolved — needs classification review. | No attributes extracted — description too sparse or needs enrichment.
65-1211,False,0.19,True,False,0,Product type/classpath unresolved by rules — needs AI classification or review. | Brand unresolved from input — needs manufacturer-source enrichment. | MOBILE_DESC is 23 chars (target 60-80). | BRAND_NAME empty — needs manufacturer-source enrichment. | Classpath unresolved — needs classification review. | No attributes extracted — description too sparse or needs enrichment.
141465,False,0.27,True,False,1,Product type/classpath unresolved by rules — needs AI classification or review. | Brand unresolved from input — needs manufacturer-source enrichment. | MOBILE_DESC is 25 chars (target 60-80). | BRAND_NAME empty — needs manufacturer-source enrichment. | Classpath unresolved — needs classification review.
391227,False,0.27,True,False,1,Product type/classpath unresolved by rules — needs AI classification or review. | Brand unresolved from input — needs manufacturer-source enrichment. | MOBILE_DESC is 25 chars (target 60-80). | BRAND_NAME empty — needs manufacturer-source enrichment. | Classpath unresolved — needs classification review.
392225,False,0.27,True,False,1,Product type/classpath unresolved by rules — needs AI classification or review. | Brand unresolved from input — needs manufacturer-source enrichment. | MOBILE_DESC is 25 chars (target 60-80). | BRAND_NAME empty — needs manufacturer-source enrichment. | Classpath unresolved — needs classification review.
S3539,False,0.27,True,False,1,Product type/classpath unresolved by rules — needs AI classification or review. | Brand unresolved from input — needs manufacturer-source enrichment. | MOBILE_DESC is 21 chars (target 60-80). | BRAND_NAME empty — needs manufacturer-source enrichment. | Classpath unresolved — needs classification review.
S3496,False,0.27,True,False,1,Product type/classpath unresolved by rules — needs AI classification or review. | Brand unresolved from input — needs manufacturer-source enrichment. | MOBILE_DESC is 21 chars (target 60-80). | BRAND_NAME empty — needs manufacturer-source enrichment. | Classpath unresolved — needs classification review.
467316,False,0.27,True,False,1,Product type/classpath unresolved by rules — needs AI classification or review. | Brand unresolved from input — needs manufacturer-source enrichment. | MOBILE_DESC is 25 chars (target 60-80). | BRAND_NAME empty — needs manufacturer-source enrichment. | Classpath unresolved — needs classification review.
S3709,False,0.27,True,False,1,Product type/classpath unresolved by rules — needs AI classification or review. | Brand unresolved from input — needs manufacturer-source enrichment. | MOBILE_DESC is 21 chars (target 60-80). | BRAND_NAME empty — needs manufacturer-source enrichment. | Classpath unresolved — needs classification review.
S4720,False,0.27,True,False,1,Product type/classpath unresolved by rules — needs AI classification or review. | Brand unresolved from input — needs manufacturer-source enrichment. | MOBILE_DESC is 21 chars (target 60-80). | BRAND_NAME empty — needs manufacturer-source enrichment. | Classpath unresolved — needs classification review.
S3720,False,0.27,True,False,1,Product type/classpath unresolved by rules — needs AI classification or review. | Brand unresolved from input — needs manufacturer-source enrichment. | MOBILE_DESC is 21 chars (target 60-80). | BRAND_NAME empty — needs manufacturer-source enrichment. | Classpath unresolved — needs classification review.
S3702,False,0.27,True,False,1,Product type/classpath unresolved by rules — needs AI classification or review. | Brand unresolved from input — needs manufacturer-source enrichment. | MOBILE_DESC is 21 chars (target 60-80). | BRAND_NAME empty — needs manufacturer-source enrichment. | Classpath unresolved — needs classification review.
S3703,False,0.27,True,False,1,Product type/classpath unresolved by rules — needs AI classification or review. | Brand unresolved from input — needs manufacturer-source enrichment. | MOBILE_DESC is 21 chars (target 60-80). | BRAND_NAME empty — needs manufacturer-source enrichment. | Classpath unresolved — needs classification review.
S3797,False,0.27,True,False,1,Product type/classpath unresolved by rules — needs AI classification or review. | Brand unresolved from input — needs manufacturer-source enrichment. | MOBILE_DESC is 21 chars (target 60-80). | BRAND_NAME empty — needs manufacturer-source enrichment. | Classpath unresolved — needs classification review.
S4724,False,0.27,True,False,1,Product type/classpath unresolved by rules — needs AI classification or review. | Brand unresolved from input — needs manufacturer-source enrichment. | MOBILE_DESC is 21 chars (target 60-80). | BRAND_NAME empty — needs manufacturer-source enrichment. | Classpath unresolved — needs classification review.
S4717,False,0.27,True,False,1,Product type/classpath unresolved by rules — needs AI classification or review. | Brand unresolved from input — needs manufacturer-source enrichment. | MOBILE_DESC is 21 chars (target 60-80). | BRAND_NAME empty — needs manufacturer-source enrichment. | Classpath unresolved — needs classification review.
S3794,False,0.27,True,False,1,Product type/classpath unresolved by rules — needs AI classification or review. | Brand unresolved from input — needs manufacturer-source enrichment. | MOBILE_DESC is 21 chars (target 60-80). | BRAND_NAME empty — needs manufacturer-source enrichment. | Classpath unresolved — needs classification review.
S3795,False,0.27,True,False,1,Product type/classpath unresolved by rules — needs AI classification or review. | Brand unresolved from input — needs manufacturer-source enrichment. | MOBILE_DESC is 21 chars (target 60-80). | BRAND_NAME empty — needs manufacturer-source enrichment. | Classpath unresolved — needs classification review.
S4726,False,0.27,True,False,1,Product type/classpath unresolved by rules — needs AI classification or review. | Brand unresolved from input — needs manufacturer-source enrichment. | MOBILE_DESC is 21 chars (target 60-80). | BRAND_NAME empty — needs manufacturer-source enrichment. | Classpath unresolved — needs classification review.
S11429,False,0.27,True,False,1,Product type/classpath unresolved by rules — needs AI classification or review. | Brand unresolved from input — needs manufacturer-source enrichment. | MOBILE_DESC is 22 chars (target 60-80). | BRAND_NAME empty — needs manufacturer-source enrichment. | Classpath unresolved — needs classification review.
S21354,False,0.27,True,False,1,Product type/classpath unresolved by rules — needs AI classification or review. | Brand unresolved from input — needs manufacturer-source enrichment. | MOBILE_DESC is 22 chars (target 60-80). | BRAND_NAME empty — needs manufacturer-source enrichment. | Classpath unresolved — needs classification review.
S21363,False,0.27,True,False,1,Product type/classpath unresolved by rules — needs AI classification or review. | Brand unresolved from input — needs manufacturer-source enrichment. | MOBILE_DESC is 22 chars (target 60-80). | BRAND_NAME empty — needs manufacturer-source enrichment. | Classpath unresolved — needs classification review.
S11445,False,0.27,True,False,1,Product type/classpath unresolved by rules — needs AI classification or review. | Brand unresolved from input — needs manufacturer-source enrichment. | MOBILE_DESC is 22 chars (target 60-80). | BRAND_NAME empty — needs manufacturer-source enrichment. | Classpath unresolved — needs classification review.
567313,False,0.27,True,False,1,Product type/classpath unresolved by rules — needs AI classification or review. | Brand unresolved from input — needs manufacturer-source enrichment. | MOBILE_DESC is 25 chars (target 60-80). | BRAND_NAME empty — needs manufacturer-source enrichment. | Classpath unresolved — needs classification review.
586875,False,0.27,True,False,1,Product type/classpath unresolved by rules — needs AI classification or review. | Brand unresolved from input — needs manufacturer-source enrichment. | MOBILE_DESC is 25 chars (target 60-80). | BRAND_NAME empty — needs manufacturer-source enrichment. | Classpath unresolved — needs classification review.
576355,False,0.19,True,False,0,Product type/classpath unresolved by rules — needs AI classification or review. | Brand unresolved from input — needs manufacturer-source enrichment. | MOBILE_DESC is 25 chars (target 60-80). | BRAND_NAME empty — needs manufacturer-source enrichment. | Classpath unresolved — needs classification review. | No attributes extracted — description too sparse or needs enrichment.
576363,False,0.19,True,False,0,Product type/classpath unresolved by rules — needs AI classification or review. | Brand unresolved from input — needs manufacturer-source enrichment. | MOBILE_DESC is 25 chars (target 60-80). | BRAND_NAME empty — needs manufacturer-source enrichment. | Classpath unresolved — needs classification review. | No attributes extracted — description too sparse or needs enrichment.
565374,False,0.27,True,False,1,Product type/classpath unresolved by rules — needs AI classification or review. | Brand unresolved from input — needs manufacturer-source enrichment. | MOBILE_DESC is 25 chars (target 60-80). | BRAND_NAME empty — needs manufacturer-source enrichment. | Classpath unresolved — needs classification review.
565390,False,0.27,True,False,1,Product type/classpath unresolved by rules — needs AI classification or review. | Brand unresolved from input — needs manufacturer-source enrichment. | MOBILE_DESC is 25 chars (target 60-80). | BRAND_NAME empty — needs manufacturer-source enrichment. | Classpath unresolved — needs classification review.
576371,False,0.19,True,False,0,Product type/classpath unresolved by rules — needs AI classification or review. | Brand unresolved from input — needs manufacturer-source enrichment. | MOBILE_DESC is 25 chars (target 60-80). | BRAND_NAME empty — needs manufacturer-source enrichment. | Classpath unresolved — needs classification review. | No attributes extracted — description too sparse or needs enrichment.
576496,False,0.27,True,False,1,Product type/classpath unresolved by rules — needs AI classification or review. | Brand unresolved from input — needs manufacturer-source enrichment. | MOBILE_DESC is 25 chars (target 60-80). | BRAND_NAME empty — needs manufacturer-source enrichment. | Classpath unresolved — needs classification review.
564856,False,0.27,True,False,1,Product type/classpath unresolved by rules — needs AI classification or review. | Brand unresolved from input — needs manufacturer-source enrichment. | MOBILE_DESC is 25 chars (target 60-80). | BRAND_NAME empty — needs manufacturer-source enrichment. | Classpath unresolved — needs classification review.
565796,False,0.27,True,False,1,Product type/classpath unresolved by rules — needs AI classification or review. | Brand unresolved from input — needs manufacturer-source enrichment. | MOBILE_DESC is 25 chars (target 60-80). | BRAND_NAME empty — needs manufacturer-source enrichment. | Classpath unresolved — needs classification review.
576389,False,0.19,True,False,0,Product type/classpath unresolved by rules — needs AI classification or review. | Brand unresolved from input — needs manufacturer-source enrichment. | MOBILE_DESC is 25 chars (target 60-80). | BRAND_NAME empty — needs manufacturer-source enrichment. | Classpath unresolved — needs classification review. | No attributes extracted — description too sparse or needs enrichment.
564492,False,0.27,True,False,1,Product type/classpath unresolved by rules — needs AI classification or review. | Brand unresolved from input — needs manufacturer-source enrichment. | MOBILE_DESC is 25 chars (target 60-80). | BRAND_NAME empty — needs manufacturer-source enrichment. | Classpath unresolved — needs classification review.
603449,False,0.27,True,False,1,Product type/classpath unresolved by rules — needs AI classification or review. | Brand unresolved from input — needs manufacturer-source enrichment. | MOBILE_DESC is 25 chars (target 60-80). | BRAND_NAME empty — needs manufacturer-source enrichment. | Classpath unresolved — needs classification review.
586909,False,0.27,True,False,1,Product type/classpath unresolved by rules — needs AI classification or review. | Brand unresolved from input — needs manufacturer-source enrichment. | MOBILE_DESC is 25 chars (target 60-80). | BRAND_NAME empty — needs manufacturer-source enrichment. | Classpath unresolved — needs classification review.
566364,False,0.27,True,False,1,Product type/classpath unresolved by rules — needs AI classification or review. | Brand unresolved from input — needs manufacturer-source enrichment. | MOBILE_DESC is 25 chars (target 60-80). | BRAND_NAME empty — needs manufacturer-source enrichment. | Classpath unresolved — needs classification review.
576397,False,0.19,True,False,0,Product type/classpath unresolved by rules — needs AI classification or review. | Brand unresolved from input — needs manufacturer-source enrichment. | MOBILE_DESC is 25 chars (target 60-80). | BRAND_NAME empty — needs manufacturer-source enrichment. | Classpath unresolved — needs classification review. | No attributes extracted — description too sparse or needs enrichment.
571497,False,0.27,True,False,1,Product type/classpath unresolved by rules — needs AI classification or review. | Brand unresolved from input — needs manufacturer-source enrichment. | MOBILE_DESC is 25 chars (target 60-80). | BRAND_NAME empty — needs manufacturer-source enrichment. | Classpath unresolved — needs classification review.
576306,False,0.27,True,False,1,Product type/classpath unresolved by rules — needs AI classification or review. | Brand unresolved from input — needs manufacturer-source enrichment. | MOBILE_DESC is 25 chars (target 60-80). | BRAND_NAME empty — needs manufacturer-source enrichment. | Classpath unresolved — needs classification review.
588533,False,0.27,True,False,1,Product type/classpath unresolved by rules — needs AI classification or review. | Brand unresolved from input — needs manufacturer-source enrichment. | MOBILE_DESC is 25 chars (target 60-80). | BRAND_NAME empty — needs manufacturer-source enrichment. | Classpath unresolved — needs classification review.
576520,False,0.27,True,False,1,Product type/classpath unresolved by rules — needs AI classification or review. | Brand unresolved from input — needs manufacturer-source enrichment. | MOBILE_DESC is 25 chars (target 60-80). | BRAND_NAME empty — needs manufacturer-source enrichment. | Classpath unresolved — needs classification review.
574004,False,0.27,True,False,1,Product type/classpath unresolved by rules — needs AI classification or review. | Brand unresolved from input — needs manufacturer-source enrichment. | MOBILE_DESC is 25 chars (target 60-80). | BRAND_NAME empty — needs manufacturer-source enrichment. | Classpath unresolved — needs classification review.
574012,False,0.27,True,False,1,Product type/classpath unresolved by rules — needs AI classification or review. | Brand unresolved from input — needs manufacturer-source enrichment. | MOBILE_DESC is 25 chars (target 60-80). | BRAND_NAME empty — needs manufacturer-source enrichment. | Classpath unresolved — needs classification review.
573971,False,0.27,True,False,1,Product type/classpath unresolved by rules — needs AI classification or review. | Brand unresolved from input — needs manufacturer-source enrichment. | MOBILE_DESC is 25 chars (target 60-80). | BRAND_NAME empty — needs manufacturer-source enrichment. | Classpath unresolved — needs classification review.
573989,False,0.27,True,False,1,Product type/classpath unresolved by rules — needs AI classification or review. | Brand unresolved from input — needs manufacturer-source enrichment. | MOBILE_DESC is 25 chars (target 60-80). | BRAND_NAME empty — needs manufacturer-source enrichment. | Classpath unresolved — needs classification review.
576769,False,0.27,True,False,1,Product type/classpath unresolved by rules — needs AI classification or review. | Brand unresolved from input — needs manufacturer-source enrichment. | MOBILE_DESC is 25 chars (target 60-80). | BRAND_NAME empty — needs manufacturer-source enrichment. | Classpath unresolved — needs classification review.
567446,False,0.27,True,False,1,Product type/classpath unresolved by rules — needs AI classification or review. | Brand unresolved from input — needs manufacturer-source enrichment. | MOBILE_DESC is 25 chars (target 60-80). | BRAND_NAME empty — needs manufacturer-source enrichment. | Classpath unresolved — needs classification review.
573997,False,0.27,True,False,1,Product type/classpath unresolved by rules — needs AI classification or review. | Brand unresolved from input — needs manufacturer-source enrichment. | MOBILE_DESC is 25 chars (target 60-80). | BRAND_NAME empty — needs manufacturer-source enrichment. | Classpath unresolved — needs classification review.
571463,False,0.27,True,False,1,Product type/classpath unresolved by rules — needs AI classification or review. | Brand unresolved from input — needs manufacturer-source enrichment. | MOBILE_DESC is 25 chars (target 60-80). | BRAND_NAME empty — needs manufacturer-source enrichment. | Classpath unresolved — needs classification review.
576512,False,0.27,True,False,1,Product type/classpath unresolved by rules — needs AI classification or review. | Brand unresolved from input — needs manufacturer-source enrichment. | MOBILE_DESC is 25 chars (target 60-80). | BRAND_NAME empty — needs manufacturer-source enrichment. | Classpath unresolved — needs classification review.
581181,False,0.27,True,False,1,Product type/classpath unresolved by rules — needs AI classification or review. | Brand unresolved from input — needs manufacturer-source enrichment. | MOBILE_DESC is 25 chars (target 60-80). | BRAND_NAME empty — needs manufacturer-source enrichment. | Classpath unresolved — needs classification review.
GT-CB-100C,False,0.27,True,False,1,Product type/classpath unresolved by rules — needs AI classification or review. | Brand unresolved from input — needs manufacturer-source enrichment. | MOBILE_DESC is 25 chars (target 60-80). | BRAND_NAME empty — needs manufacturer-source enrichment. | Classpath unresolved — needs classification review.
566430,False,0.27,True,False,1,Product type/classpath unresolved by rules — needs AI classification or review. | Brand unresolved from input — needs manufacturer-source enrichment. | MOBILE_DESC is 25 chars (target 60-80). | BRAND_NAME empty — needs manufacturer-source enrichment. | Classpath unresolved — needs classification review.
568337,False,0.27,True,False,1,Product type/classpath unresolved by rules — needs AI classification or review. | Brand unresolved from input — needs manufacturer-source enrichment. | MOBILE_DESC is 25 chars (target 60-80). | BRAND_NAME empty — needs manufacturer-source enrichment. | Classpath unresolved — needs classification review.
565788,False,0.27,True,False,1,Product type/classpath unresolved by rules — needs AI classification or review. | Brand unresolved from input — needs manufacturer-source enrichment. | MOBILE_DESC is 25 chars (target 60-80). | BRAND_NAME empty — needs manufacturer-source enrichment. | Classpath unresolved — needs classification review.
565770,False,0.27,True,False,1,Product type/classpath unresolved by rules — needs AI classification or review. | Brand unresolved from input — needs manufacturer-source enrichment. | MOBILE_DESC is 25 chars (target 60-80). | BRAND_NAME empty — needs manufacturer-source enrichment. | Classpath unresolved — needs classification review.
573436,False,0.27,True,False,1,Product type/classpath unresolved by rules — needs AI classification or review. | Brand unresolved from input — needs manufacturer-source enrichment. | MOBILE_DESC is 25 chars (target 60-80). | BRAND_NAME empty — needs manufacturer-source enrichment. | Classpath unresolved — needs classification review.
576538,False,0.27,True,False,1,Product type/classpath unresolved by rules — needs AI classification or review. | Brand unresolved from input — needs manufacturer-source enrichment. | MOBILE_DESC is 25 chars (target 60-80). | BRAND_NAME empty — needs manufacturer-source enrichment. | Classpath unresolved — needs classification review.
573451,False,0.27,True,False,1,Product type/classpath unresolved by rules — needs AI classification or review. | Brand unresolved from input — needs manufacturer-source enrichment. | MOBILE_DESC is 25 chars (target 60-80). | BRAND_NAME empty — needs manufacturer-source enrichment. | Classpath unresolved — needs classification review.
586883,False,0.27,True,False,1,Product type/classpath unresolved by rules — needs AI classification or review. | Brand unresolved from input — needs manufacturer-source enrichment. | MOBILE_DESC is 25 chars (target 60-80). | BRAND_NAME empty — needs manufacturer-source enrichment. | Classpath unresolved — needs classification review.
586859,False,0.27,True,False,1,Product type/classpath unresolved by rules — needs AI classification or review. | Brand unresolved from input — needs manufacturer-source enrichment. | MOBILE_DESC is 25 chars (target 60-80). | BRAND_NAME empty — needs manufacturer-source enrichment. | Classpath unresolved — needs classification review.
576488,False,0.27,True,False,1,Product type/classpath unresolved by rules — needs AI classification or review. | Brand unresolved from input — needs manufacturer-source enrichment. | MOBILE_DESC is 25 chars (target 60-80). | BRAND_NAME empty — needs manufacturer-source enrichment. | Classpath unresolved — needs classification review.
575217,False,0.27,True,False,1,Product type/classpath unresolved by rules — needs AI classification or review. | Brand unresolved from input — needs manufacturer-source enrichment. | MOBILE_DESC is 25 chars (target 60-80). | BRAND_NAME empty — needs manufacturer-source enrichment. | Classpath unresolved — needs classification review.
586479,False,0.27,True,False,1,Product type/classpath unresolved by rules — needs AI classification or review. | Brand unresolved from input — needs manufacturer-source enrichment. | MOBILE_DESC is 25 chars (target 60-80). | BRAND_NAME empty — needs manufacturer-source enrichment. | Classpath unresolved — needs classification review.
571471,False,0.27,True,False,1,Product type/classpath unresolved by rules — needs AI classification or review. | Brand unresolved from input — needs manufacturer-source enrichment. | MOBILE_DESC is 25 chars (target 60-80). | BRAND_NAME empty — needs manufacturer-source enrichment. | Classpath unresolved — needs classification review.
570762,False,0.27,True,False,1,Product type/classpath unresolved by rules — needs AI classification or review. | Brand unresolved from input — needs manufacturer-source enrichment. | MOBILE_DESC is 25 chars (target 60-80). | BRAND_NAME empty — needs manufacturer-source enrichment. | Classpath unresolved — needs classification review.
533352,False,0.27,True,False,1,Product type/classpath unresolved by rules — needs AI classification or review. | Brand unresolved from input — needs manufacturer-source enrichment. | MOBILE_DESC is 25 chars (target 60-80). | BRAND_NAME empty — needs manufacturer-source enrichment. | Classpath unresolved — needs classification review.
573519,False,0.27,True,False,1,Product type/classpath unresolved by rules — needs AI classification or review. | Brand unresolved from input — needs manufacturer-source enrichment. | MOBILE_DESC is 25 chars (target 60-80). | BRAND_NAME empty — needs manufacturer-source enrichment. | Classpath unresolved — needs classification review.
573378,False,0.27,True,False,1,Product type/classpath unresolved by rules — needs AI classification or review. | Brand unresolved from input — needs manufacturer-source enrichment. | MOBILE_DESC is 25 chars (target 60-80). | BRAND_NAME empty — needs manufacturer-source enrichment. | Classpath unresolved — needs classification review.
565622,False,0.27,True,False,1,Product type/classpath unresolved by rules — needs AI classification or review. | Brand unresolved from input — needs manufacturer-source enrichment. | MOBILE_DESC is 25 chars (target 60-80). | BRAND_NAME empty — needs manufacturer-source enrichment. | Classpath unresolved — needs classification review.
586891,False,0.27,True,False,1,Product type/classpath unresolved by rules — needs AI classification or review. | Brand unresolved from input — needs manufacturer-source enrichment. | MOBILE_DESC is 25 chars (target 60-80). | BRAND_NAME empty — needs manufacturer-source enrichment. | Classpath unresolved — needs classification review.
585448,False,0.27,True,False,1,Product type/classpath unresolved by rules — needs AI classification or review. | Brand unresolved from input — needs manufacturer-source enrichment. | MOBILE_DESC is 25 chars (target 60-80). | BRAND_NAME empty — needs manufacturer-source enrichment. | Classpath unresolved — needs classification review.
573444,False,0.27,True,False,1,Product type/classpath unresolved by rules — needs AI classification or review. | Brand unresolved from input — needs manufacturer-source enrichment. | MOBILE_DESC is 25 chars (target 60-80). | BRAND_NAME empty — needs manufacturer-source enrichment. | Classpath unresolved — needs classification review.
566687,False,0.27,True,False,1,Product type/classpath unresolved by rules — needs AI classification or review. | Brand unresolved from input — needs manufacturer-source enrichment. | MOBILE_DESC is 25 chars (target 60-80). | BRAND_NAME empty — needs manufacturer-source enrichment. | Classpath unresolved — needs classification review.
564385,False,0.27,True,False,1,Product type/classpath unresolved by rules — needs AI classification or review. | Brand unresolved from input — needs manufacturer-source enrichment. | MOBILE_DESC is 25 chars (target 60-80). | BRAND_NAME empty — needs manufacturer-source enrichment. | Classpath unresolved — needs classification review.
566661,False,0.27,True,False,1,Product type/classpath unresolved by rules — needs AI classification or review. | Brand unresolved from input — needs manufacturer-source enrichment. | MOBILE_DESC is 25 chars (target 60-80). | BRAND_NAME empty — needs manufacturer-source enrichment. | Classpath unresolved — needs classification review.
564898,False,0.27,True,False,1,Product type/classpath unresolved by rules — needs AI classification or review. | Brand unresolved from input — needs manufacturer-source enrichment. | MOBILE_DESC is 25 chars (target 60-80). | BRAND_NAME empty — needs manufacturer-source enrichment. | Classpath unresolved — needs classification review.
538319,False,0.27,True,False,1,Product type/classpath unresolved by rules — needs AI classification or review. | Brand unresolved from input — needs manufacturer-source enrichment. | MOBILE_DESC is 25 chars (target 60-80). | BRAND_NAME empty — needs manufacturer-source enrichment. | Classpath unresolved — needs classification review.
576009,False,0.27,True,False,1,Product type/classpath unresolved by rules — needs AI classification or review. | Brand unresolved from input — needs manufacturer-source enrichment. | MOBILE_DESC is 25 chars (target 60-80). | BRAND_NAME empty — needs manufacturer-source enrichment. | Classpath unresolved — needs classification review.
564450,False,0.27,True,False,1,Product type/classpath unresolved by rules — needs AI classification or review. | Brand unresolved from input — needs manufacturer-source enrichment. | MOBILE_DESC is 25 chars (target 60-80). | BRAND_NAME empty — needs manufacturer-source enrichment. | Classpath unresolved — needs classification review.
572669,False,0.27,True,False,1,Product type/classpath unresolved by rules — needs AI classification or review. | Brand unresolved from input — needs manufacturer-source enrichment. | MOBILE_DESC is 25 chars (target 60-80). | BRAND_NAME empty — needs manufacturer-source enrichment. | Classpath unresolved — needs classification review.
564906,False,0.27,True,False,1,Product type/classpath unresolved by rules — needs AI classification or review. | Brand unresolved from input — needs manufacturer-source enrichment. | MOBILE_DESC is 25 chars (target 60-80). | BRAND_NAME empty — needs manufacturer-source enrichment. | Classpath unresolved — needs classification review.
573410,False,0.27,True,False,1,Product type/classpath unresolved by rules — needs AI classification or review. | Brand unresolved from input — needs manufacturer-source enrichment. | MOBILE_DESC is 25 chars (target 60-80). | BRAND_NAME empty — needs manufacturer-source enrichment. | Classpath unresolved — needs classification review.
576504,False,0.27,True,False,1,Product type/classpath unresolved by rules — needs AI classification or review. | Brand unresolved from input — needs manufacturer-source enrichment. | MOBILE_DESC is 25 chars (target 60-80). | BRAND_NAME empty — needs manufacturer-source enrichment. | Classpath unresolved — needs classification review.
576017,False,0.27,True,False,1,Product type/classpath unresolved by rules — needs AI classification or review. | Brand unresolved from input — needs manufacturer-source enrichment. | MOBILE_DESC is 25 chars (target 60-80). | BRAND_NAME empty — needs manufacturer-source enrichment. | Classpath unresolved — needs classification review.
574392,False,0.27,True,False,1,Product type/classpath unresolved by rules — needs AI classification or review. | Brand unresolved from input — needs manufacturer-source enrichment. | MOBILE_DESC is 25 chars (target 60-80). | BRAND_NAME empty — needs manufacturer-source enrichment. | Classpath unresolved — needs classification review.
576751,False,0.27,True,False,1,Product type/classpath unresolved by rules — needs AI classification or review. | Brand unresolved from input — needs manufacturer-source enrichment. | MOBILE_DESC is 25 chars (target 60-80). | BRAND_NAME empty — needs manufacturer-source enrichment. | Classpath unresolved — needs classification review.
583161,False,0.27,True,False,1,Product type/classpath unresolved by rules — needs AI classification or review. | Brand unresolved from input — needs manufacturer-source enrichment. | MOBILE_DESC is 25 chars (target 60-80). | BRAND_NAME empty — needs manufacturer-source enrichment. | Classpath unresolved — needs classification review.
566695,False,0.27,True,False,1,Product type/classpath unresolved by rules — needs AI classification or review. | Brand unresolved from input — needs manufacturer-source enrichment. | MOBILE_DESC is 25 chars (target 60-80). | BRAND_NAME empty — needs manufacturer-source enrichment. | Classpath unresolved — needs classification review.
577007,False,0.27,True,False,1,Product type/classpath unresolved by rules — needs AI classification or review. | Brand unresolved from input — needs manufacturer-source enrichment. | MOBILE_DESC is 25 chars (target 60-80). | BRAND_NAME empty — needs manufacturer-source enrichment. | Classpath unresolved — needs classification review.
566653,False,0.27,True,False,1,Product type/classpath unresolved by rules — needs AI classification or review. | Brand unresolved from input — needs manufacturer-source enrichment. | MOBILE_DESC is 25 chars (target 60-80). | BRAND_NAME empty — needs manufacturer-source enrichment. | Classpath unresolved — needs classification review.
566679,False,0.27,True,False,1,Product type/classpath unresolved by rules — needs AI classification or review. | Brand unresolved from input — needs manufacturer-source enrichment. | MOBILE_DESC is 25 chars (target 60-80). | BRAND_NAME empty — needs manufacturer-source enrichment. | Classpath unresolved — needs classification review.
573311,False,0.27,True,False,1,Product type/classpath unresolved by rules — needs AI classification or review. | Brand unresolved from input — needs manufacturer-source enrichment. | MOBILE_DESC is 25 chars (target 60-80). | BRAND_NAME empty — needs manufacturer-source enrichment. | Classpath unresolved — needs classification review.
573394,False,0.27,True,False,1,Product type/classpath unresolved by rules — needs AI classification or review. | Brand unresolved from input — needs manufacturer-source enrichment. | MOBILE_DESC is 25 chars (target 60-80). | BRAND_NAME empty — needs manufacturer-source enrichment. | Classpath unresolved — needs classification review.
573329,False,0.27,True,False,1,Product type/classpath unresolved by rules — needs AI classification or review. | Brand unresolved from input — needs manufacturer-source enrichment. | MOBILE_DESC is 25 chars (target 60-80). | BRAND_NAME empty — needs manufacturer-source enrichment. | Classpath unresolved — needs classification review.
564930,False,0.27,True,False,1,Product type/classpath unresolved by rules — needs AI classification or review. | Brand unresolved from input — needs manufacturer-source enrichment. | MOBILE_DESC is 25 chars (target 60-80). | BRAND_NAME empty — needs manufacturer-source enrichment. | Classpath unresolved — needs classification review.
565000,False,0.27,True,False,1,Product type/classpath unresolved by rules — needs AI classification or review. | Brand unresolved from input — needs manufacturer-source enrichment. | MOBILE_DESC is 25 chars (target 60-80). | BRAND_NAME empty — needs manufacturer-source enrichment. | Classpath unresolved — needs classification review.
564922,False,0.27,True,False,1,Product type/classpath unresolved by rules — needs AI classification or review. | Brand unresolved from input — needs manufacturer-source enrichment. | MOBILE_DESC is 25 chars (target 60-80). | BRAND_NAME empty — needs manufacturer-source enrichment. | Classpath unresolved — needs classification review.
573295,False,0.27,True,False,1,Product type/classpath unresolved by rules — needs AI classification or review. | Brand unresolved from input — needs manufacturer-source enrichment. | MOBILE_DESC is 25 chars (target 60-80). | BRAND_NAME empty — needs manufacturer-source enrichment. | Classpath unresolved — needs classification review.
564914,False,0.27,True,False,1,Product type/classpath unresolved by rules — needs AI classification or review. | Brand unresolved from input — needs manufacturer-source enrichment. | MOBILE_DESC is 25 chars (target 60-80). | BRAND_NAME empty — needs manufacturer-source enrichment. | Classpath unresolved — needs classification review.
573485,False,0.27,True,False,1,Product type/classpath unresolved by rules — needs AI classification or review. | Brand unresolved from input — needs manufacturer-source enrichment. | MOBILE_DESC is 25 chars (target 60-80). | BRAND_NAME empty — needs manufacturer-source enrichment. | Classpath unresolved — needs classification review.
573337,False,0.27,True,False,1,Product type/classpath unresolved by rules — needs AI classification or review. | Brand unresolved from input — needs manufacturer-source enrichment. | MOBILE_DESC is 25 chars (target 60-80). | BRAND_NAME empty — needs manufacturer-source enrichment. | Classpath unresolved — needs classification review.
544874,False,0.27,True,False,1,Product type/classpath unresolved by rules — needs AI classification or review. | Brand unresolved from input — needs manufacturer-source enrichment. | MOBILE_DESC is 25 chars (target 60-80). | BRAND_NAME empty — needs manufacturer-source enrichment. | Classpath unresolved — needs classification review.
570846,False,0.27,True,False,1,Product type/classpath unresolved by rules — needs AI classification or review. | Brand unresolved from input — needs manufacturer-source enrichment. | MOBILE_DESC is 25 chars (target 60-80). | BRAND_NAME empty — needs manufacturer-source enrichment. | Classpath unresolved — needs classification review.
565473,False,0.27,True,False,1,Product type/classpath unresolved by rules — needs AI classification or review. | Brand unresolved from input — needs manufacturer-source enrichment. | MOBILE_DESC is 25 chars (target 60-80). | BRAND_NAME empty — needs manufacturer-source enrichment. | Classpath unresolved — needs classification review.
573402,False,0.27,True,False,1,Product type/classpath unresolved by rules — needs AI classification or review. | Brand unresolved from input — needs manufacturer-source enrichment. | MOBILE_DESC is 25 chars (target 60-80). | BRAND_NAME empty — needs manufacturer-source enrichment. | Classpath unresolved — needs classification review.
573352,False,0.27,True,False,1,Product type/classpath unresolved by rules — needs AI classification or review. | Brand unresolved from input — needs manufacturer-source enrichment. | MOBILE_DESC is 25 chars (target 60-80). | BRAND_NAME empty — needs manufacturer-source enrichment. | Classpath unresolved — needs classification review.
573428,False,0.27,True,False,1,Product type/classpath unresolved by rules — needs AI classification or review. | Brand unresolved from input — needs manufacturer-source enrichment. | MOBILE_DESC is 25 chars (target 60-80). | BRAND_NAME empty — needs manufacturer-source enrichment. | Classpath unresolved — needs classification review.
573386,False,0.27,True,False,1,Product type/classpath unresolved by rules — needs AI classification or review. | Brand unresolved from input — needs manufacturer-source enrichment. | MOBILE_DESC is 25 chars (target 60-80). | BRAND_NAME empty — needs manufacturer-source enrichment. | Classpath unresolved — needs classification review.
564948,False,0.27,True,False,1,Product type/classpath unresolved by rules — needs AI classification or review. | Brand unresolved from input — needs manufacturer-source enrichment. | MOBILE_DESC is 25 chars (target 60-80). | BRAND_NAME empty — needs manufacturer-source enrichment. | Classpath unresolved — needs classification review.
573303,False,0.27,True,False,1,Product type/classpath unresolved by rules — needs AI classification or review. | Brand unresolved from input — needs manufacturer-source enrichment. | MOBILE_DESC is 25 chars (target 60-80). | BRAND_NAME empty — needs manufacturer-source enrichment. | Classpath unresolved — needs classification review.
573188,False,0.27,True,False,1,Product type/classpath unresolved by rules — needs AI classification or review. | Brand unresolved from input — needs manufacturer-source enrichment. | MOBILE_DESC is 25 chars (target 60-80). | BRAND_NAME empty — needs manufacturer-source enrichment. | Classpath unresolved — needs classification review.
573469,False,0.27,True,False,1,Product type/classpath unresolved by rules — needs AI classification or review. | Brand unresolved from input — needs manufacturer-source enrichment. | MOBILE_DESC is 25 chars (target 60-80). | BRAND_NAME empty — needs manufacturer-source enrichment. | Classpath unresolved — needs classification review.
565671,False,0.27,True,False,1,Product type/classpath unresolved by rules — needs AI classification or review. | Brand unresolved from input — needs manufacturer-source enrichment. | MOBILE_DESC is 25 chars (target 60-80). | BRAND_NAME empty — needs manufacturer-source enrichment. | Classpath unresolved — needs classification review.
573204,False,0.27,True,False,1,Product type/classpath unresolved by rules — needs AI classification or review. | Brand unresolved from input — needs manufacturer-source enrichment. | MOBILE_DESC is 25 chars (target 60-80). | BRAND_NAME empty — needs manufacturer-source enrichment. | Classpath unresolved — needs classification review.
581199,False,0.27,True,False,1,Product type/classpath unresolved by rules — needs AI classification or review. | Brand unresolved from input — needs manufacturer-source enrichment. | MOBILE_DESC is 25 chars (target 60-80). | BRAND_NAME empty — needs manufacturer-source enrichment. | Classpath unresolved — needs classification review.
565887,False,0.27,True,False,1,Product type/classpath unresolved by rules — needs AI classification or review. | Brand unresolved from input — needs manufacturer-source enrichment. | MOBILE_DESC is 25 chars (target 60-80). | BRAND_NAME empty — needs manufacturer-source enrichment. | Classpath unresolved — needs classification review.
586867,False,0.27,True,False,1,Product type/classpath unresolved by rules — needs AI classification or review. | Brand unresolved from input — needs manufacturer-source enrichment. | MOBILE_DESC is 25 chars (target 60-80). | BRAND_NAME empty — needs manufacturer-source enrichment. | Classpath unresolved — needs classification review.
568451,False,0.27,True,False,1,Product type/classpath unresolved by rules — needs AI classification or review. | Brand unresolved from input — needs manufacturer-source enrichment. | MOBILE_DESC is 25 chars (target 60-80). | BRAND_NAME empty — needs manufacturer-source enrichment. | Classpath unresolved — needs classification review.
568444,False,0.27,True,False,1,Product type/classpath unresolved by rules — needs AI classification or review. | Brand unresolved from input — needs manufacturer-source enrichment. | MOBILE_DESC is 25 chars (target 60-80). | BRAND_NAME empty — needs manufacturer-source enrichment. | Classpath unresolved — needs classification review.
573196,False,0.27,True,False,1,Product type/classpath unresolved by rules — needs AI classification or review. | Brand unresolved from input — needs manufacturer-source enrichment. | MOBILE_DESC is 25 chars (target 60-80). | BRAND_NAME empty — needs manufacturer-source enrichment. | Classpath unresolved — needs classification review.
564500,False,0.27,True,False,1,Product type/classpath unresolved by rules — needs AI classification or review. | Brand unresolved from input — needs manufacturer-source enrichment. | MOBILE_DESC is 25 chars (target 60-80). | BRAND_NAME empty — needs manufacturer-source enrichment. | Classpath unresolved — needs classification review.
571513,False,0.19,True,False,0,Product type/classpath unresolved by rules — needs AI classification or review. | Brand unresolved from input — needs manufacturer-source enrichment. | MOBILE_DESC is 25 chars (target 60-80). | BRAND_NAME empty — needs manufacturer-source enrichment. | Classpath unresolved — needs classification review. | No attributes extracted — description too sparse or needs enrichment.
588566,False,0.27,True,False,1,Product type/classpath unresolved by rules — needs AI classification or review. | Brand unresolved from input — needs manufacturer-source enrichment. | MOBILE_DESC is 25 chars (target 60-80). | BRAND_NAME empty — needs manufacturer-source enrichment. | Classpath unresolved — needs classification review.
565655,False,0.27,True,False,1,Product type/classpath unresolved by rules — needs AI classification or review. | Brand unresolved from input — needs manufacturer-source enrichment. | MOBILE_DESC is 25 chars (target 60-80). | BRAND_NAME empty — needs manufacturer-source enrichment. | Classpath unresolved — needs classification review.
565812,False,0.27,True,False,1,Product type/classpath unresolved by rules — needs AI classification or review. | Brand unresolved from input — needs manufacturer-source enrichment. | MOBILE_DESC is 25 chars (target 60-80). | BRAND_NAME empty — needs manufacturer-source enrichment. | Classpath unresolved — needs classification review.
586917,False,0.27,True,False,1,Product type/classpath unresolved by rules — needs AI classification or review. | Brand unresolved from input — needs manufacturer-source enrichment. | MOBILE_DESC is 25 chars (target 60-80). | BRAND_NAME empty — needs manufacturer-source enrichment. | Classpath unresolved — needs classification review.
46719,False,0.19,True,False,0,Product type/classpath unresolved by rules — needs AI classification or review. | Brand unresolved from input — needs manufacturer-source enrichment. | MOBILE_DESC is 24 chars (target 60-80). | BRAND_NAME empty — needs manufacturer-source enrichment. | Classpath unresolved — needs classification review. | No attributes extracted — description too sparse or needs enrichment.
59061BSL,False,0.19,True,False,0,Product type/classpath unresolved by rules — needs AI classification or review. | Brand unresolved from input — needs manufacturer-source enrichment. | MOBILE_DESC is 26 chars (target 60-80). | BRAND_NAME empty — needs manufacturer-source enrichment. | Classpath unresolved — needs classification review. | No attributes extracted — description too sparse or needs enrichment.
59062BSL,False,0.19,True,False,0,Product type/classpath unresolved by rules — needs AI classification or review. | Brand unresolved from input — needs manufacturer-source enrichment. | MOBILE_DESC is 26 chars (target 60-80). | BRAND_NAME empty — needs manufacturer-source enrichment. | Classpath unresolved — needs classification review. | No attributes extracted — description too sparse or needs enrichment.
59124BKT,False,0.19,True,False,0,Product type/classpath unresolved by rules — needs AI classification or review. | Brand unresolved from input — needs manufacturer-source enrichment. | MOBILE_DESC is 26 chars (target 60-80). | BRAND_NAME empty — needs manufacturer-source enrichment. | Classpath unresolved — needs classification review. | No attributes extracted — description too sparse or needs enrichment.
59025BK,False,0.19,True,False,0,Product type/classpath unresolved by rules — needs AI classification or review. | Brand unresolved from input — needs manufacturer-source enrichment. | MOBILE_DESC is 25 chars (target 60-80). | BRAND_NAME empty — needs manufacturer-source enrichment. | Classpath unresolved — needs classification review. | No attributes extracted — description too sparse or needs enrichment.
DCL183,False,0.36,True,False,0,Product type/classpath unresolved by rules — needs AI classification or review. | MOBILE_DESC is 28 chars (target 60-80). | Classpath unresolved — needs classification review. | No attributes extracted — description too sparse or needs enrichment.
73020,False,0.19,True,False,0,Product type/classpath unresolved by rules — needs AI classification or review. | Brand unresolved from input — needs manufacturer-source enrichment. | MOBILE_DESC is 18 chars (target 60-80). | BRAND_NAME empty — needs manufacturer-source enrichment. | Classpath unresolved — needs classification review. | No attributes extracted — description too sparse or needs enrichment.
NEB-FLT-1021,False,0.19,True,False,0,Product type/classpath unresolved by rules — needs AI classification or review. | Brand unresolved from input — needs manufacturer-source enrichment. | MOBILE_DESC is 24 chars (target 60-80). | BRAND_NAME empty — needs manufacturer-source enrichment. | Classpath unresolved — needs classification review. | No attributes extracted — description too sparse or needs enrichment.
NEB-FLT-0053,False,0.19,True,False,0,Product type/classpath unresolved by rules — needs AI classification or review. | Brand unresolved from input — needs manufacturer-source enrichment. | MOBILE_DESC is 24 chars (target 60-80). | BRAND_NAME empty — needs manufacturer-source enrichment. | Classpath unresolved — needs classification review. | No attributes extracted — description too sparse or needs enrichment.
97708,False,0.19,True,False,0,Product type/classpath unresolved by rules — needs AI classification or review. | Brand unresolved from input — needs manufacturer-source enrichment. | MOBILE_DESC is 22 chars (target 60-80). | BRAND_NAME empty — needs manufacturer-source enrichment. | Classpath unresolved — needs classification review. | No attributes extracted — description too sparse or needs enrichment.
WORK6000XLTPPLUG,False,0.19,True,False,0,Product type/classpath unresolved by rules — needs AI classification or review. | Brand unresolved from input — needs manufacturer-source enrichment. | MOBILE_DESC is 31 chars (target 60-80). | BRAND_NAME empty — needs manufacturer-source enrichment. | Classpath unresolved — needs classification review. | No attributes extracted — description too sparse or needs enrichment.
HOM2040M200PRB,False,0.27,True,False,1,Product type/classpath unresolved by rules — needs AI classification or review. | Brand unresolved from input — needs manufacturer-source enrichment. | MOBILE_DESC is 37 chars (target 60-80). | BRAND_NAME empty — needs manufacturer-source enrichment. | Classpath unresolved — needs classification review.
HOM3060L225PGC,False,0.19,True,False,0,Product type/classpath unresolved by rules — needs AI classification or review. | Brand unresolved from input — needs manufacturer-source enrichment. | MOBILE_DESC is 37 chars (target 60-80). | BRAND_NAME empty — needs manufacturer-source enrichment. | Classpath unresolved — needs classification review. | No attributes extracted — description too sparse or needs enrichment.
QO612L100RBCP,False,0.27,True,False,1,Product type/classpath unresolved by rules — needs AI classification or review. | Brand unresolved from input — needs manufacturer-source enrichment. | MOBILE_DESC is 36 chars (target 60-80). | BRAND_NAME empty — needs manufacturer-source enrichment. | Classpath unresolved — needs classification review.
13093005,False,0.19,True,False,0,Product type/classpath unresolved by rules — needs AI classification or review. | Brand unresolved from input — needs manufacturer-source enrichment. | MOBILE_DESC is 28 chars (target 60-80). | BRAND_NAME empty — needs manufacturer-source enrichment. | Classpath unresolved — needs classification review. | No attributes extracted — description too sparse or needs enrichment.
12-4 SO,False,0.09,True,False,0,Product type/classpath unresolved by rules — needs AI classification or review. | Brand unresolved from input — needs manufacturer-source enrichment. | MOBILE_DESC is 7 chars (target 60-80). | BRAND_NAME empty — needs manufacturer-source enrichment. | Classpath unresolved — needs classification review. | No attributes extracted — description too sparse or needs enrichment.
96263-46-06,False,0.19,True,False,0,Product type/classpath unresolved by rules — needs AI classification or review. | Brand unresolved from input — needs manufacturer-source enrichment. | MOBILE_DESC is 33 chars (target 60-80). | BRAND_NAME empty — needs manufacturer-source enrichment. | Classpath unresolved — needs classification review. | No attributes extracted — description too sparse or needs enrichment.
R50003-ID,False,0.19,True,False,0,Product type/classpath unresolved by rules — needs AI classification or review. | Brand unresolved from input — needs manufacturer-source enrichment. | MOBILE_DESC is 29 chars (target 60-80). | BRAND_NAME empty — needs manufacturer-source enrichment. | Classpath unresolved — needs classification review. | No attributes extracted — description too sparse or needs enrichment.
10-4 SO,False,0.19,True,False,0,Product type/classpath unresolved by rules — needs AI classification or review. | Brand unresolved from input — needs manufacturer-source enrichment. | MOBILE_DESC is 27 chars (target 60-80). | BRAND_NAME empty — needs manufacturer-source enrichment. | Classpath unresolved — needs classification review. | No attributes extracted — description too sparse or needs enrichment.
23346-0408,False,0.09,True,False,0,Product type/classpath unresolved by rules — needs AI classification or review. | Brand unresolved from input — needs manufacturer-source enrichment. | MOBILE_DESC is 10 chars (target 60-80). | BRAND_NAME empty — needs manufacturer-source enrichment. | Classpath unresolved — needs classification review. | No attributes extracted — description too sparse or needs enrichment.
2/2/4 UD ALUM,False,0.19,True,False,0,Product type/classpath unresolved by rules — needs AI classification or review. | Brand unresolved from input — needs manufacturer-source enrichment. | MOBILE_DESC is 33 chars (target 60-80). | BRAND_NAME empty — needs manufacturer-source enrichment. | Classpath unresolved — needs classification review. | No attributes extracted — description too sparse or needs enrichment.
55418901,False,0.19,True,False,0,Product type/classpath unresolved by rules — needs AI classification or review. | Brand unresolved from input — needs manufacturer-source enrichment. | MOBILE_DESC is 28 chars (target 60-80). | BRAND_NAME empty — needs manufacturer-source enrichment. | Classpath unresolved — needs classification review. | No attributes extracted — description too sparse or needs enrichment.
CG50K,False,0.19,True,False,0,Product type/classpath unresolved by rules — needs AI classification or review. | Brand unresolved from input — needs manufacturer-source enrichment. | MOBILE_DESC is 31 chars (target 60-80). | BRAND_NAME empty — needs manufacturer-source enrichment. | Classpath unresolved — needs classification review. | No attributes extracted — description too sparse or needs enrichment.
R02-D215P-1RW,False,0.27,True,False,1,Product type/classpath unresolved by rules — needs AI classification or review. | Brand unresolved from input — needs manufacturer-source enrichment. | MOBILE_DESC is 29 chars (target 60-80). | BRAND_NAME empty — needs manufacturer-source enrichment. | Classpath unresolved — needs classification review.
PBUC013,False,0.27,True,False,1,Product type/classpath unresolved by rules — needs AI classification or review. | Brand unresolved from input — needs manufacturer-source enrichment. | MOBILE_DESC is 27 chars (target 60-80). | BRAND_NAME empty — needs manufacturer-source enrichment. | Classpath unresolved — needs classification review.
R00-GFNT1-00K,False,0.27,True,False,1,Product type/classpath unresolved by rules — needs AI classification or review. | Brand unresolved from input — needs manufacturer-source enrichment. | MOBILE_DESC is 29 chars (target 60-80). | BRAND_NAME empty — needs manufacturer-source enrichment. | Classpath unresolved — needs classification review.
R92-GFWT1-0KW,False,0.27,True,False,1,Product type/classpath unresolved by rules — needs AI classification or review. | Brand unresolved from input — needs manufacturer-source enrichment. | MOBILE_DESC is 30 chars (target 60-80). | BRAND_NAME empty — needs manufacturer-source enrichment. | Classpath unresolved — needs classification review.
R12-AGTR1-0KW,False,0.27,True,False,1,Product type/classpath unresolved by rules — needs AI classification or review. | Brand unresolved from input — needs manufacturer-source enrichment. | MOBILE_DESC is 30 chars (target 60-80). | BRAND_NAME empty — needs manufacturer-source enrichment. | Classpath unresolved — needs classification review.
R62-GFTA1-0KW,False,0.27,True,False,1,Product type/classpath unresolved by rules — needs AI classification or review. | Brand unresolved from input — needs manufacturer-source enrichment. | MOBILE_DESC is 30 chars (target 60-80). | BRAND_NAME empty — needs manufacturer-source enrichment. | Classpath unresolved — needs classification review.
165-04729-00C,False,0.27,True,False,1,Product type/classpath unresolved by rules — needs AI classification or review. | Brand unresolved from input — needs manufacturer-source enrichment. | MOBILE_DESC is 33 chars (target 60-80). | BRAND_NAME empty — needs manufacturer-source enrichment. | Classpath unresolved — needs classification review.
161-04720-00C,False,0.27,True,False,1,Product type/classpath unresolved by rules — needs AI classification or review. | Brand unresolved from input — needs manufacturer-source enrichment. | MOBILE_DESC is 33 chars (target 60-80). | BRAND_NAME empty — needs manufacturer-source enrichment. | Classpath unresolved — needs classification review.
R02-GUAC1-0BW,False,0.27,True,False,1,Product type/classpath unresolved by rules — needs AI classification or review. | Brand unresolved from input — needs manufacturer-source enrichment. | MOBILE_DESC is 29 chars (target 60-80). | BRAND_NAME empty — needs manufacturer-source enrichment. | Classpath unresolved — needs classification review.
R56-CBR15-00T,False,0.27,True,False,1,Product type/classpath unresolved by rules — needs AI classification or review. | Brand unresolved from input — needs manufacturer-source enrichment. | MOBILE_DESC is 29 chars (target 60-80). | BRAND_NAME empty — needs manufacturer-source enrichment. | Classpath unresolved — needs classification review.
R20-05378-P00,False,0.19,True,False,0,Product type/classpath unresolved by rules — needs AI classification or review. | Brand unresolved from input — needs manufacturer-source enrichment. | MOBILE_DESC is 29 chars (target 60-80). | BRAND_NAME empty — needs manufacturer-source enrichment. | Classpath unresolved — needs classification review. | No attributes extracted — description too sparse or needs enrichment.
WC1V12W-SG-UPC,False,0.19,True,False,0,Product type/classpath unresolved by rules — needs AI classification or review. | Brand unresolved from input — needs manufacturer-source enrichment. | MOBILE_DESC is 36 chars (target 60-80). | BRAND_NAME empty — needs manufacturer-source enrichment. | Classpath unresolved — needs classification review. | No attributes extracted — description too sparse or needs enrichment.
R51-GSRA1-THD,False,0.27,True,False,1,Product type/classpath unresolved by rules — needs AI classification or review. | Brand unresolved from input — needs manufacturer-source enrichment. | MOBILE_DESC is 29 chars (target 60-80). | BRAND_NAME empty — needs manufacturer-source enrichment. | Classpath unresolved — needs classification review.
R62-CBR15-00W,False,0.27,True,False,1,Product type/classpath unresolved by rules — needs AI classification or review. | Brand unresolved from input — needs manufacturer-source enrichment. | MOBILE_DESC is 29 chars (target 60-80). | BRAND_NAME empty — needs manufacturer-source enrichment. | Classpath unresolved — needs classification review.
S03-05226-IS,False,0.19,True,False,0,Product type/classpath unresolved by rules — needs AI classification or review. | Brand unresolved from input — needs manufacturer-source enrichment. | MOBILE_DESC is 28 chars (target 60-80). | BRAND_NAME empty — needs manufacturer-source enrichment. | Classpath unresolved — needs classification review. | No attributes extracted — description too sparse or needs enrichment.
174-0CSB3-15W,False,0.27,True,False,1,Product type/classpath unresolved by rules — needs AI classification or review. | Brand unresolved from input — needs manufacturer-source enrichment. | MOBILE_DESC is 30 chars (target 60-80). | BRAND_NAME empty — needs manufacturer-source enrichment. | Classpath unresolved — needs classification review.
R50-0SL13-000,False,0.19,True,False,0,Product type/classpath unresolved by rules — needs AI classification or review. | Brand unresolved from input — needs manufacturer-source enrichment. | MOBILE_DESC is 29 chars (target 60-80). | BRAND_NAME empty — needs manufacturer-source enrichment. | Classpath unresolved — needs classification review. | No attributes extracted — description too sparse or needs enrichment.
R52-0PJ13-00W,False,0.27,True,False,1,Product type/classpath unresolved by rules — needs AI classification or review. | Brand unresolved from input — needs manufacturer-source enrichment. | MOBILE_DESC is 29 chars (target 60-80). | BRAND_NAME empty — needs manufacturer-source enrichment. | Classpath unresolved — needs classification review.
XOU2470BCGS,False,0.09,True,True,0,"Part_Manuf 'Appliance Dealers Cooperative' looks like a distributor, not a manufacturer — withheld and flagged. | Product type/classpath unresolved by rules — needs AI classification or review. | Brand unresolved from input — needs manufacturer-source enrichment. | MOBILE_DESC is 11 chars (target 60-80). | BRAND_NAME empty — needs manufacturer-source enrichment. | Classpath unresolved — needs classification review. | No attributes extracted — description too sparse or needs enrichment. | ANOMALY: Part_Manuf 'Appliance Dealers Cooperative' is a distributor/reseller and no manufacturer could be resolved from the brand — withheld pending review."
XOU24BCGSR,False,0.09,True,True,0,"Part_Manuf 'Appliance Dealers Cooperative' looks like a distributor, not a manufacturer — withheld and flagged. | Product type/classpath unresolved by rules — needs AI classification or review. | Brand unresolved from input — needs manufacturer-source enrichment. | MOBILE_DESC is 10 chars (target 60-80). | BRAND_NAME empty — needs manufacturer-source enrichment. | Classpath unresolved — needs classification review. | No attributes extracted — description too sparse or needs enrichment. | ANOMALY: Part_Manuf 'Appliance Dealers Cooperative' is a distributor/reseller and no manufacturer could be resolved from the brand — withheld pending review."
XOU24WDZGBR,False,0.09,True,True,0,"Part_Manuf 'Appliance Dealers Cooperative' looks like a distributor, not a manufacturer — withheld and flagged. | Product type/classpath unresolved by rules — needs AI classification or review. | Brand unresolved from input — needs manufacturer-source enrichment. | MOBILE_DESC is 11 chars (target 60-80). | BRAND_NAME empty — needs manufacturer-source enrichment. | Classpath unresolved — needs classification review. | No attributes extracted — description too sparse or needs enrichment. | ANOMALY: Part_Manuf 'Appliance Dealers Cooperative' is a distributor/reseller and no manufacturer could be resolved from the brand — withheld pending review."
C7CDAAS3PD3,False,0.09,True,True,0,"Part_Manuf 'Appliance Dealers Cooperative' looks like a distributor, not a manufacturer — withheld and flagged. | Product type/classpath unresolved by rules — needs AI classification or review. | Brand unresolved from input — needs manufacturer-source enrichment. | MOBILE_DESC is 11 chars (target 60-80). | BRAND_NAME empty — needs manufacturer-source enrichment. | Classpath unresolved — needs classification review. | No attributes extracted — description too sparse or needs enrichment. | ANOMALY: Part_Manuf 'Appliance Dealers Cooperative' is a distributor/reseller and no manufacturer could be resolved from the brand — withheld pending review."
C7CDAAS4PW3,False,0.09,True,True,0,"Part_Manuf 'Appliance Dealers Cooperative' looks like a distributor, not a manufacturer — withheld and flagged. | Product type/classpath unresolved by rules — needs AI classification or review. | Brand unresolved from input — needs manufacturer-source enrichment. | MOBILE_DESC is 11 chars (target 60-80). | BRAND_NAME empty — needs manufacturer-source enrichment. | Classpath unresolved — needs classification review. | No attributes extracted — description too sparse or needs enrichment. | ANOMALY: Part_Manuf 'Appliance Dealers Cooperative' is a distributor/reseller and no manufacturer could be resolved from the brand — withheld pending review."
C7CDABS2RS3,False,0.09,True,True,0,"Part_Manuf 'Appliance Dealers Cooperative' looks like a distributor, not a manufacturer — withheld and flagged. | Product type/classpath unresolved by rules — needs AI classification or review. | Brand unresolved from input — needs manufacturer-source enrichment. | MOBILE_DESC is 11 chars (target 60-80). | BRAND_NAME empty — needs manufacturer-source enrichment. | Classpath unresolved — needs classification review. | No attributes extracted — description too sparse or needs enrichment. | ANOMALY: Part_Manuf 'Appliance Dealers Cooperative' is a distributor/reseller and no manufacturer could be resolved from the brand — withheld pending review."
C7CDABS3RD3,False,0.09,True,True,0,"Part_Manuf 'Appliance Dealers Cooperative' looks like a distributor, not a manufacturer — withheld and flagged. | Product type/classpath unresolved by rules — needs AI classification or review. | Brand unresolved from input — needs manufacturer-source enrichment. | MOBILE_DESC is 11 chars (target 60-80). | BRAND_NAME empty — needs manufacturer-source enrichment. | Classpath unresolved — needs classification review. | No attributes extracted — description too sparse or needs enrichment. | ANOMALY: Part_Manuf 'Appliance Dealers Cooperative' is a distributor/reseller and no manufacturer could be resolved from the brand — withheld pending review."
C7CDABS4RW3,False,0.09,True,True,0,"Part_Manuf 'Appliance Dealers Cooperative' looks like a distributor, not a manufacturer — withheld and flagged. | Product type/classpath unresolved by rules — needs AI classification or review. | Brand unresolved from input — needs manufacturer-source enrichment. | MOBILE_DESC is 11 chars (target 60-80). | BRAND_NAME empty — needs manufacturer-source enrichment. | Classpath unresolved — needs classification review. | No attributes extracted — description too sparse or needs enrichment. | ANOMALY: Part_Manuf 'Appliance Dealers Cooperative' is a distributor/reseller and no manufacturer could be resolved from the brand — withheld pending review."
C7CEBBS2RS3,False,0.09,True,True,0,"Part_Manuf 'Appliance Dealers Cooperative' looks like a distributor, not a manufacturer — withheld and flagged. | Product type/classpath unresolved by rules — needs AI classification or review. | Brand unresolved from input — needs manufacturer-source enrichment. | MOBILE_DESC is 11 chars (target 60-80). | BRAND_NAME empty — needs manufacturer-source enrichment. | Classpath unresolved — needs classification review. | No attributes extracted — description too sparse or needs enrichment. | ANOMALY: Part_Manuf 'Appliance Dealers Cooperative' is a distributor/reseller and no manufacturer could be resolved from the brand — withheld pending review."
C7CEBBS4RW3,False,0.09,True,True,0,"Part_Manuf 'Appliance Dealers Cooperative' looks like a distributor, not a manufacturer — withheld and flagged. | Product type/classpath unresolved by rules — needs AI classification or review. | Brand unresolved from input — needs manufacturer-source enrichment. | MOBILE_DESC is 11 chars (target 60-80). | BRAND_NAME empty — needs manufacturer-source enrichment. | Classpath unresolved — needs classification review. | No attributes extracted — description too sparse or needs enrichment. | ANOMALY: Part_Manuf 'Appliance Dealers Cooperative' is a distributor/reseller and no manufacturer could be resolved from the brand — withheld pending review."
C7CESAS2RS3,False,0.09,True,True,0,"Part_Manuf 'Appliance Dealers Cooperative' looks like a distributor, not a manufacturer — withheld and flagged. | Product type/classpath unresolved by rules — needs AI classification or review. | Brand unresolved from input — needs manufacturer-source enrichment. | MOBILE_DESC is 11 chars (target 60-80). | BRAND_NAME empty — needs manufacturer-source enrichment. | Classpath unresolved — needs classification review. | No attributes extracted — description too sparse or needs enrichment. | ANOMALY: Part_Manuf 'Appliance Dealers Cooperative' is a distributor/reseller and no manufacturer could be resolved from the brand — withheld pending review."
C7CESAS3RD3,False,0.09,True,True,0,"Part_Manuf 'Appliance Dealers Cooperative' looks like a distributor, not a manufacturer — withheld and flagged. | Product type/classpath unresolved by rules — needs AI classification or review. | Brand unresolved from input — needs manufacturer-source enrichment. | MOBILE_DESC is 11 chars (target 60-80). | BRAND_NAME empty — needs manufacturer-source enrichment. | Classpath unresolved — needs classification review. | No attributes extracted — description too sparse or needs enrichment. | ANOMALY: Part_Manuf 'Appliance Dealers Cooperative' is a distributor/reseller and no manufacturer could be resolved from the brand — withheld pending review."
C7CESAS4RW3,False,0.09,True,True,0,"Part_Manuf 'Appliance Dealers Cooperative' looks like a distributor, not a manufacturer — withheld and flagged. | Product type/classpath unresolved by rules — needs AI classification or review. | Brand unresolved from input — needs manufacturer-source enrichment. | MOBILE_DESC is 11 chars (target 60-80). | BRAND_NAME empty — needs manufacturer-source enrichment. | Classpath unresolved — needs classification review. | No attributes extracted — description too sparse or needs enrichment. | ANOMALY: Part_Manuf 'Appliance Dealers Cooperative' is a distributor/reseller and no manufacturer could be resolved from the brand — withheld pending review."
WOSP30100SS,False,0.09,True,True,0,"Part_Manuf 'Appliance Dealers Cooperative' looks like a distributor, not a manufacturer — withheld and flagged. | Product type/classpath unresolved by rules — needs AI classification or review. | Brand unresolved from input — needs manufacturer-source enrichment. | MOBILE_DESC is 11 chars (target 60-80). | BRAND_NAME empty — needs manufacturer-source enrichment. | Classpath unresolved — needs classification review. | No attributes extracted — description too sparse or needs enrichment. | ANOMALY: Part_Manuf 'Appliance Dealers Cooperative' is a distributor/reseller and no manufacturer could be resolved from the brand — withheld pending review."
MSER2090S,False,0.09,True,True,0,"Part_Manuf 'Appliance Dealers Cooperative' looks like a distributor, not a manufacturer — withheld and flagged. | Product type/classpath unresolved by rules — needs AI classification or review. | Brand unresolved from input — needs manufacturer-source enrichment. | MOBILE_DESC is 9 chars (target 60-80). | BRAND_NAME empty — needs manufacturer-source enrichment. | Classpath unresolved — needs classification review. | No attributes extracted — description too sparse or needs enrichment. | ANOMALY: Part_Manuf 'Appliance Dealers Cooperative' is a distributor/reseller and no manufacturer could be resolved from the brand — withheld pending review."
GCST16S1WSS,False,0.26,True,True,0,"Part_Manuf 'Appliance Dealers Cooperative' looks like a distributor, not a manufacturer — withheld and flagged. | Product type/classpath unresolved by rules — needs AI classification or review. | MOBILE_DESC is 15 chars (target 60-80). | Classpath unresolved — needs classification review. | No attributes extracted — description too sparse or needs enrichment. | ANOMALY: Part_Manuf 'Appliance Dealers Cooperative' is a distributor/reseller and no manufacturer could be resolved from the brand — withheld pending review."
PCWK15C1WSS,False,0.26,True,True,0,"Part_Manuf 'Appliance Dealers Cooperative' looks like a distributor, not a manufacturer — withheld and flagged. | Product type/classpath unresolved by rules — needs AI classification or review. | MOBILE_DESC is 20 chars (target 60-80). | Classpath unresolved — needs classification review. | No attributes extracted — description too sparse or needs enrichment. | ANOMALY: Part_Manuf 'Appliance Dealers Cooperative' is a distributor/reseller and no manufacturer could be resolved from the brand — withheld pending review."
SMC2266KS,False,0.09,True,True,0,"Part_Manuf 'Appliance Dealers Cooperative' looks like a distributor, not a manufacturer — withheld and flagged. | Product type/classpath unresolved by rules — needs AI classification or review. | Brand unresolved from input — needs manufacturer-source enrichment. | MOBILE_DESC is 9 chars (target 60-80). | BRAND_NAME empty — needs manufacturer-source enrichment. | Classpath unresolved — needs classification review. | No attributes extracted — description too sparse or needs enrichment. | ANOMALY: Part_Manuf 'Appliance Dealers Cooperative' is a distributor/reseller and no manufacturer could be resolved from the brand — withheld pending review."
SMD2479JS,False,0.09,True,True,0,"Part_Manuf 'Appliance Dealers Cooperative' looks like a distributor, not a manufacturer — withheld and flagged. | Product type/classpath unresolved by rules — needs AI classification or review. | Brand unresolved from input — needs manufacturer-source enrichment. | MOBILE_DESC is 9 chars (target 60-80). | BRAND_NAME empty — needs manufacturer-source enrichment. | Classpath unresolved — needs classification review. | No attributes extracted — description too sparse or needs enrichment. | ANOMALY: Part_Manuf 'Appliance Dealers Cooperative' is a distributor/reseller and no manufacturer could be resolved from the brand — withheld pending review."
PEP9030DTBB,False,0.09,True,True,0,"Part_Manuf 'Appliance Dealers Cooperative' looks like a distributor, not a manufacturer — withheld and flagged. | Product type/classpath unresolved by rules — needs AI classification or review. | Brand unresolved from input — needs manufacturer-source enrichment. | MOBILE_DESC is 11 chars (target 60-80). | BRAND_NAME empty — needs manufacturer-source enrichment. | Classpath unresolved — needs classification review. | No attributes extracted — description too sparse or needs enrichment. | ANOMALY: Part_Manuf 'Appliance Dealers Cooperative' is a distributor/reseller and no manufacturer could be resolved from the brand — withheld pending review."
CES700P3MD1,False,0.09,True,True,0,"Part_Manuf 'Appliance Dealers Cooperative' looks like a distributor, not a manufacturer — withheld and flagged. | Product type/classpath unresolved by rules — needs AI classification or review. | Brand unresolved from input — needs manufacturer-source enrichment. | MOBILE_DESC is 11 chars (target 60-80). | BRAND_NAME empty — needs manufacturer-source enrichment. | Classpath unresolved — needs classification review. | No attributes extracted — description too sparse or needs enrichment. | ANOMALY: Part_Manuf 'Appliance Dealers Cooperative' is a distributor/reseller and no manufacturer could be resolved from the brand — withheld pending review."
PS960YPFS,False,0.09,True,True,0,"Part_Manuf 'Appliance Dealers Cooperative' looks like a distributor, not a manufacturer — withheld and flagged. | Product type/classpath unresolved by rules — needs AI classification or review. | Brand unresolved from input — needs manufacturer-source enrichment. | MOBILE_DESC is 9 chars (target 60-80). | BRAND_NAME empty — needs manufacturer-source enrichment. | Classpath unresolved — needs classification review. | No attributes extracted — description too sparse or needs enrichment. | ANOMALY: Part_Manuf 'Appliance Dealers Cooperative' is a distributor/reseller and no manufacturer could be resolved from the brand — withheld pending review."
PB900YVFS,False,0.09,True,True,0,"Part_Manuf 'Appliance Dealers Cooperative' looks like a distributor, not a manufacturer — withheld and flagged. | Product type/classpath unresolved by rules — needs AI classification or review. | Brand unresolved from input — needs manufacturer-source enrichment. | MOBILE_DESC is 9 chars (target 60-80). | BRAND_NAME empty — needs manufacturer-source enrichment. | Classpath unresolved — needs classification review. | No attributes extracted — description too sparse or needs enrichment. | ANOMALY: Part_Manuf 'Appliance Dealers Cooperative' is a distributor/reseller and no manufacturer could be resolved from the brand — withheld pending review."
PCFE3080AF,False,0.09,True,True,0,"Part_Manuf 'Appliance Dealers Cooperative' looks like a distributor, not a manufacturer — withheld and flagged. | Product type/classpath unresolved by rules — needs AI classification or review. | Brand unresolved from input — needs manufacturer-source enrichment. | MOBILE_DESC is 10 chars (target 60-80). | BRAND_NAME empty — needs manufacturer-source enrichment. | Classpath unresolved — needs classification review. | No attributes extracted — description too sparse or needs enrichment. | ANOMALY: Part_Manuf 'Appliance Dealers Cooperative' is a distributor/reseller and no manufacturer could be resolved from the brand — withheld pending review."
SLER30524SS,False,0.09,True,True,0,"Part_Manuf 'Appliance Dealers Cooperative' looks like a distributor, not a manufacturer — withheld and flagged. | Product type/classpath unresolved by rules — needs AI classification or review. | Brand unresolved from input — needs manufacturer-source enrichment. | MOBILE_DESC is 11 chars (target 60-80). | BRAND_NAME empty — needs manufacturer-source enrichment. | Classpath unresolved — needs classification review. | No attributes extracted — description too sparse or needs enrichment. | ANOMALY: Part_Manuf 'Appliance Dealers Cooperative' is a distributor/reseller and no manufacturer could be resolved from the brand — withheld pending review."
LSEL6333ZE,False,0.09,True,True,0,"Part_Manuf 'Appliance Dealers Cooperative' looks like a distributor, not a manufacturer — withheld and flagged. | Product type/classpath unresolved by rules — needs AI classification or review. | Brand unresolved from input — needs manufacturer-source enrichment. | MOBILE_DESC is 10 chars (target 60-80). | BRAND_NAME empty — needs manufacturer-source enrichment. | Classpath unresolved — needs classification review. | No attributes extracted — description too sparse or needs enrichment. | ANOMALY: Part_Manuf 'Appliance Dealers Cooperative' is a distributor/reseller and no manufacturer could be resolved from the brand — withheld pending review."
KSES530SBE,False,0.09,True,True,0,"Part_Manuf 'Appliance Dealers Cooperative' looks like a distributor, not a manufacturer — withheld and flagged. | Product type/classpath unresolved by rules — needs AI classification or review. | Brand unresolved from input — needs manufacturer-source enrichment. | MOBILE_DESC is 10 chars (target 60-80). | BRAND_NAME empty — needs manufacturer-source enrichment. | Classpath unresolved — needs classification review. | No attributes extracted — description too sparse or needs enrichment. | ANOMALY: Part_Manuf 'Appliance Dealers Cooperative' is a distributor/reseller and no manufacturer could be resolved from the brand — withheld pending review."
GCFG3661AF,False,0.09,True,True,0,"Part_Manuf 'Appliance Dealers Cooperative' looks like a distributor, not a manufacturer — withheld and flagged. | Product type/classpath unresolved by rules — needs AI classification or review. | Brand unresolved from input — needs manufacturer-source enrichment. | MOBILE_DESC is 10 chars (target 60-80). | BRAND_NAME empty — needs manufacturer-source enrichment. | Classpath unresolved — needs classification review. | No attributes extracted — description too sparse or needs enrichment. | ANOMALY: Part_Manuf 'Appliance Dealers Cooperative' is a distributor/reseller and no manufacturer could be resolved from the brand — withheld pending review."
WSGS7530RZ,False,0.09,True,True,0,"Part_Manuf 'Appliance Dealers Cooperative' looks like a distributor, not a manufacturer — withheld and flagged. | Product type/classpath unresolved by rules — needs AI classification or review. | Brand unresolved from input — needs manufacturer-source enrichment. | MOBILE_DESC is 10 chars (target 60-80). | BRAND_NAME empty — needs manufacturer-source enrichment. | Classpath unresolved — needs classification review. | No attributes extracted — description too sparse or needs enrichment. | ANOMALY: Part_Manuf 'Appliance Dealers Cooperative' is a distributor/reseller and no manufacturer could be resolved from the brand — withheld pending review."
CHP90301TBB,False,0.09,True,True,0,"Part_Manuf 'Appliance Dealers Cooperative' looks like a distributor, not a manufacturer — withheld and flagged. | Product type/classpath unresolved by rules — needs AI classification or review. | Brand unresolved from input — needs manufacturer-source enrichment. | MOBILE_DESC is 11 chars (target 60-80). | BRAND_NAME empty — needs manufacturer-source enrichment. | Classpath unresolved — needs classification review. | No attributes extracted — description too sparse or needs enrichment. | ANOMALY: Part_Manuf 'Appliance Dealers Cooperative' is a distributor/reseller and no manufacturer could be resolved from the brand — withheld pending review."
CVM517P3RD1,False,0.09,True,True,0,"Part_Manuf 'Appliance Dealers Cooperative' looks like a distributor, not a manufacturer — withheld and flagged. | Product type/classpath unresolved by rules — needs AI classification or review. | Brand unresolved from input — needs manufacturer-source enrichment. | MOBILE_DESC is 11 chars (target 60-80). | BRAND_NAME empty — needs manufacturer-source enrichment. | Classpath unresolved — needs classification review. | No attributes extracted — description too sparse or needs enrichment. | ANOMALY: Part_Manuf 'Appliance Dealers Cooperative' is a distributor/reseller and no manufacturer could be resolved from the brand — withheld pending review."
PMOS1980AF,False,0.09,True,True,0,"Part_Manuf 'Appliance Dealers Cooperative' looks like a distributor, not a manufacturer — withheld and flagged. | Product type/classpath unresolved by rules — needs AI classification or review. | Brand unresolved from input — needs manufacturer-source enrichment. | MOBILE_DESC is 10 chars (target 60-80). | BRAND_NAME empty — needs manufacturer-source enrichment. | Classpath unresolved — needs classification review. | No attributes extracted — description too sparse or needs enrichment. | ANOMALY: Part_Manuf 'Appliance Dealers Cooperative' is a distributor/reseller and no manufacturer could be resolved from the brand — withheld pending review."
WMMS3330RZ,False,0.09,True,True,0,"Part_Manuf 'Appliance Dealers Cooperative' looks like a distributor, not a manufacturer — withheld and flagged. | Product type/classpath unresolved by rules — needs AI classification or review. | Brand unresolved from input — needs manufacturer-source enrichment. | MOBILE_DESC is 10 chars (target 60-80). | BRAND_NAME empty — needs manufacturer-source enrichment. | Classpath unresolved — needs classification review. | No attributes extracted — description too sparse or needs enrichment. | ANOMALY: Part_Manuf 'Appliance Dealers Cooperative' is a distributor/reseller and no manufacturer could be resolved from the brand — withheld pending review."
KMMF530PBE,False,0.09,True,True,0,"Part_Manuf 'Appliance Dealers Cooperative' looks like a distributor, not a manufacturer — withheld and flagged. | Product type/classpath unresolved by rules — needs AI classification or review. | Brand unresolved from input — needs manufacturer-source enrichment. | MOBILE_DESC is 10 chars (target 60-80). | BRAND_NAME empty — needs manufacturer-source enrichment. | Classpath unresolved — needs classification review. | No attributes extracted — description too sparse or needs enrichment. | ANOMALY: Part_Manuf 'Appliance Dealers Cooperative' is a distributor/reseller and no manufacturer could be resolved from the brand — withheld pending review."
JXGRILL1,False,0.26,True,True,0,"Part_Manuf 'Appliance Dealers Cooperative' looks like a distributor, not a manufacturer — withheld and flagged. | Product type/classpath unresolved by rules — needs AI classification or review. | MOBILE_DESC is 12 chars (target 60-80). | Classpath unresolved — needs classification review. | No attributes extracted — description too sparse or needs enrichment. | ANOMALY: Part_Manuf 'Appliance Dealers Cooperative' is a distributor/reseller and no manufacturer could be resolved from the brand — withheld pending review."
C9TMA2S3PD3,False,0.09,True,True,0,"Part_Manuf 'Appliance Dealers Cooperative' looks like a distributor, not a manufacturer — withheld and flagged. | Product type/classpath unresolved by rules — needs AI classification or review. | Brand unresolved from input — needs manufacturer-source enrichment. | MOBILE_DESC is 11 chars (target 60-80). | BRAND_NAME empty — needs manufacturer-source enrichment. | Classpath unresolved — needs classification review. | No attributes extracted — description too sparse or needs enrichment. | ANOMALY: Part_Manuf 'Appliance Dealers Cooperative' is a distributor/reseller and no manufacturer could be resolved from the brand — withheld pending review."
C9TMA2S4PW3,False,0.09,True,True,0,"Part_Manuf 'Appliance Dealers Cooperative' looks like a distributor, not a manufacturer — withheld and flagged. | Product type/classpath unresolved by rules — needs AI classification or review. | Brand unresolved from input — needs manufacturer-source enrichment. | MOBILE_DESC is 11 chars (target 60-80). | BRAND_NAME empty — needs manufacturer-source enrichment. | Classpath unresolved — needs classification review. | No attributes extracted — description too sparse or needs enrichment. | ANOMALY: Part_Manuf 'Appliance Dealers Cooperative' is a distributor/reseller and no manufacturer could be resolved from the brand — withheld pending review."
C90AAAS2RS3,False,0.09,True,True,0,"Part_Manuf 'Appliance Dealers Cooperative' looks like a distributor, not a manufacturer — withheld and flagged. | Product type/classpath unresolved by rules — needs AI classification or review. | Brand unresolved from input — needs manufacturer-source enrichment. | MOBILE_DESC is 11 chars (target 60-80). | BRAND_NAME empty — needs manufacturer-source enrichment. | Classpath unresolved — needs classification review. | No attributes extracted — description too sparse or needs enrichment. | ANOMALY: Part_Manuf 'Appliance Dealers Cooperative' is a distributor/reseller and no manufacturer could be resolved from the brand — withheld pending review."
C9TMA2SP2PS3,False,0.09,True,True,0,"Part_Manuf 'Appliance Dealers Cooperative' looks like a distributor, not a manufacturer — withheld and flagged. | Product type/classpath unresolved by rules — needs AI classification or review. | Brand unresolved from input — needs manufacturer-source enrichment. | MOBILE_DESC is 12 chars (target 60-80). | BRAND_NAME empty — needs manufacturer-source enrichment. | Classpath unresolved — needs classification review. | No attributes extracted — description too sparse or needs enrichment. | ANOMALY: Part_Manuf 'Appliance Dealers Cooperative' is a distributor/reseller and no manufacturer could be resolved from the brand — withheld pending review."
GDE21EMKES,False,0.26,True,True,0,"Part_Manuf 'Appliance Dealers Cooperative' looks like a distributor, not a manufacturer — withheld and flagged. | Product type/classpath unresolved by rules — needs AI classification or review. | MOBILE_DESC is 14 chars (target 60-80). | Classpath unresolved — needs classification review. | No attributes extracted — description too sparse or needs enrichment. | ANOMALY: Part_Manuf 'Appliance Dealers Cooperative' is a distributor/reseller and no manufacturer could be resolved from the brand — withheld pending review."
FCM16SLWW,False,0.09,True,True,0,"Part_Manuf 'Appliance Dealers Cooperative' looks like a distributor, not a manufacturer — withheld and flagged. | Product type/classpath unresolved by rules — needs AI classification or review. | Brand unresolved from input — needs manufacturer-source enrichment. | MOBILE_DESC is 9 chars (target 60-80). | BRAND_NAME empty — needs manufacturer-source enrichment. | Classpath unresolved — needs classification review. | No attributes extracted — description too sparse or needs enrichment. | ANOMALY: Part_Manuf 'Appliance Dealers Cooperative' is a distributor/reseller and no manufacturer could be resolved from the brand — withheld pending review."
GNE27JYMFS,False,0.26,True,True,0,"Part_Manuf 'Appliance Dealers Cooperative' looks like a distributor, not a manufacturer — withheld and flagged. | Product type/classpath unresolved by rules — needs AI classification or review. | MOBILE_DESC is 14 chars (target 60-80). | Classpath unresolved — needs classification review. | No attributes extracted — description too sparse or needs enrichment. | ANOMALY: Part_Manuf 'Appliance Dealers Cooperative' is a distributor/reseller and no manufacturer could be resolved from the brand — withheld pending review."
CVE28DP3ND1,False,0.09,True,True,0,"Part_Manuf 'Appliance Dealers Cooperative' looks like a distributor, not a manufacturer — withheld and flagged. | Product type/classpath unresolved by rules — needs AI classification or review. | Brand unresolved from input — needs manufacturer-source enrichment. | MOBILE_DESC is 11 chars (target 60-80). | BRAND_NAME empty — needs manufacturer-source enrichment. | Classpath unresolved — needs classification review. | No attributes extracted — description too sparse or needs enrichment. | ANOMALY: Part_Manuf 'Appliance Dealers Cooperative' is a distributor/reseller and no manufacturer could be resolved from the brand — withheld pending review."
GNE25JMKES,False,0.26,True,True,0,"Part_Manuf 'Appliance Dealers Cooperative' looks like a distributor, not a manufacturer — withheld and flagged. | Product type/classpath unresolved by rules — needs AI classification or review. | MOBILE_DESC is 14 chars (target 60-80). | Classpath unresolved — needs classification review. | No attributes extracted — description too sparse or needs enrichment. | ANOMALY: Part_Manuf 'Appliance Dealers Cooperative' is a distributor/reseller and no manufacturer could be resolved from the brand — withheld pending review."
PRFS2883AF,False,0.09,True,True,0,"Part_Manuf 'Appliance Dealers Cooperative' looks like a distributor, not a manufacturer — withheld and flagged. | Product type/classpath unresolved by rules — needs AI classification or review. | Brand unresolved from input — needs manufacturer-source enrichment. | MOBILE_DESC is 10 chars (target 60-80). | BRAND_NAME empty — needs manufacturer-source enrichment. | Classpath unresolved — needs classification review. | No attributes extracted — description too sparse or needs enrichment. | ANOMALY: Part_Manuf 'Appliance Dealers Cooperative' is a distributor/reseller and no manufacturer could be resolved from the brand — withheld pending review."
PAD28BYTFS,False,0.26,True,True,0,"Part_Manuf 'Appliance Dealers Cooperative' looks like a distributor, not a manufacturer — withheld and flagged. | Product type/classpath unresolved by rules — needs AI classification or review. | MOBILE_DESC is 14 chars (target 60-80). | Classpath unresolved — needs classification review. | No attributes extracted — description too sparse or needs enrichment. | ANOMALY: Part_Manuf 'Appliance Dealers Cooperative' is a distributor/reseller and no manufacturer could be resolved from the brand — withheld pending review."
PGE29BYTFS,False,0.26,True,True,0,"Part_Manuf 'Appliance Dealers Cooperative' looks like a distributor, not a manufacturer — withheld and flagged. | Product type/classpath unresolved by rules — needs AI classification or review. | MOBILE_DESC is 14 chars (target 60-80). | Classpath unresolved — needs classification review. | No attributes extracted — description too sparse or needs enrichment. | ANOMALY: Part_Manuf 'Appliance Dealers Cooperative' is a distributor/reseller and no manufacturer could be resolved from the brand — withheld pending review."
ERFD19CGCS,False,0.09,True,True,0,"Part_Manuf 'Appliance Dealers Cooperative' looks like a distributor, not a manufacturer — withheld and flagged. | Product type/classpath unresolved by rules — needs AI classification or review. | Brand unresolved from input — needs manufacturer-source enrichment. | MOBILE_DESC is 10 chars (target 60-80). | BRAND_NAME empty — needs manufacturer-source enrichment. | Classpath unresolved — needs classification review. | No attributes extracted — description too sparse or needs enrichment. | ANOMALY: Part_Manuf 'Appliance Dealers Cooperative' is a distributor/reseller and no manufacturer could be resolved from the brand — withheld pending review."
LT18S2100W,False,0.17,True,True,1,"Part_Manuf 'Appliance Dealers Cooperative' looks like a distributor, not a manufacturer — withheld and flagged. | Product type/classpath unresolved by rules — needs AI classification or review. | Brand unresolved from input — needs manufacturer-source enrichment. | MOBILE_DESC is 11 chars (target 60-80). | BRAND_NAME empty — needs manufacturer-source enrichment. | Classpath unresolved — needs classification review. | ANOMALY: Part_Manuf 'Appliance Dealers Cooperative' is a distributor/reseller and no manufacturer could be resolved from the brand — withheld pending review."
LT18S2100SS,False,0.09,True,True,0,"Part_Manuf 'Appliance Dealers Cooperative' looks like a distributor, not a manufacturer — withheld and flagged. | Product type/classpath unresolved by rules — needs AI classification or review. | Brand unresolved from input — needs manufacturer-source enrichment. | MOBILE_DESC is 11 chars (target 60-80). | BRAND_NAME empty — needs manufacturer-source enrichment. | Classpath unresolved — needs classification review. | No attributes extracted — description too sparse or needs enrichment. | ANOMALY: Part_Manuf 'Appliance Dealers Cooperative' is a distributor/reseller and no manufacturer could be resolved from the brand — withheld pending review."
EUF17CDBW,False,0.09,True,True,0,"Part_Manuf 'Appliance Dealers Cooperative' looks like a distributor, not a manufacturer — withheld and flagged. | Product type/classpath unresolved by rules — needs AI classification or review. | Brand unresolved from input — needs manufacturer-source enrichment. | MOBILE_DESC is 9 chars (target 60-80). | BRAND_NAME empty — needs manufacturer-source enrichment. | Classpath unresolved — needs classification review. | No attributes extracted — description too sparse or needs enrichment. | ANOMALY: Part_Manuf 'Appliance Dealers Cooperative' is a distributor/reseller and no manufacturer could be resolved from the brand — withheld pending review."
EUF21CDBW,False,0.09,True,True,0,"Part_Manuf 'Appliance Dealers Cooperative' looks like a distributor, not a manufacturer — withheld and flagged. | Product type/classpath unresolved by rules — needs AI classification or review. | Brand unresolved from input — needs manufacturer-source enrichment. | MOBILE_DESC is 9 chars (target 60-80). | BRAND_NAME empty — needs manufacturer-source enrichment. | Classpath unresolved — needs classification review. | No attributes extracted — description too sparse or needs enrichment. | ANOMALY: Part_Manuf 'Appliance Dealers Cooperative' is a distributor/reseller and no manufacturer could be resolved from the brand — withheld pending review."
TP-1935,False,0.09,True,False,0,Product type/classpath unresolved by rules — needs AI classification or review. | Brand unresolved from input — needs manufacturer-source enrichment. | MOBILE_DESC is 7 chars (target 60-80). | BRAND_NAME empty — needs manufacturer-source enrichment. | Classpath unresolved — needs classification review. | No attributes extracted — description too sparse or needs enrichment.
K527APBXR,False,0.19,True,False,0,Product type/classpath unresolved by rules — needs AI classification or review. | Brand unresolved from input — needs manufacturer-source enrichment. | MOBILE_DESC is 29 chars (target 60-80). | BRAND_NAME empty — needs manufacturer-source enrichment. | Classpath unresolved — needs classification review. | No attributes extracted — description too sparse or needs enrichment.
603150,False,0.19,True,False,0,Product type/classpath unresolved by rules — needs AI classification or review. | Brand unresolved from input — needs manufacturer-source enrichment. | MOBILE_DESC is 26 chars (target 60-80). | BRAND_NAME empty — needs manufacturer-source enrichment. | Classpath unresolved — needs classification review. | No attributes extracted — description too sparse or needs enrichment.
d10cnk,False,0.27,True,False,1,Product type/classpath unresolved by rules — needs AI classification or review. | Brand unresolved from input — needs manufacturer-source enrichment. | MOBILE_DESC is 15 chars (target 60-80). | BRAND_NAME empty — needs manufacturer-source enrichment. | Classpath unresolved — needs classification review.
e28cnkha,False,0.27,True,False,1,Product type/classpath unresolved by rules — needs AI classification or review. | Brand unresolved from input — needs manufacturer-source enrichment. | MOBILE_DESC is 17 chars (target 60-80). | BRAND_NAME empty — needs manufacturer-source enrichment. | Classpath unresolved — needs classification review.
51334,False,0.19,True,False,0,Product type/classpath unresolved by rules — needs AI classification or review. | Brand unresolved from input — needs manufacturer-source enrichment. | MOBILE_DESC is 20 chars (target 60-80). | BRAND_NAME empty — needs manufacturer-source enrichment. | Classpath unresolved — needs classification review. | No attributes extracted — description too sparse or needs enrichment.
59210,False,0.19,True,False,0,Product type/classpath unresolved by rules — needs AI classification or review. | Brand unresolved from input — needs manufacturer-source enrichment. | MOBILE_DESC is 20 chars (target 60-80). | BRAND_NAME empty — needs manufacturer-source enrichment. | Classpath unresolved — needs classification review. | No attributes extracted — description too sparse or needs enrichment.
52485,False,0.19,True,False,0,Product type/classpath unresolved by rules — needs AI classification or review. | Brand unresolved from input — needs manufacturer-source enrichment. | MOBILE_DESC is 20 chars (target 60-80). | BRAND_NAME empty — needs manufacturer-source enrichment. | Classpath unresolved — needs classification review. | No attributes extracted — description too sparse or needs enrichment.
52486,False,0.19,True,False,0,Product type/classpath unresolved by rules — needs AI classification or review. | Brand unresolved from input — needs manufacturer-source enrichment. | MOBILE_DESC is 20 chars (target 60-80). | BRAND_NAME empty — needs manufacturer-source enrichment. | Classpath unresolved — needs classification review. | No attributes extracted — description too sparse or needs enrichment.
52487,False,0.19,True,False,0,Product type/classpath unresolved by rules — needs AI classification or review. | Brand unresolved from input — needs manufacturer-source enrichment. | MOBILE_DESC is 20 chars (target 60-80). | BRAND_NAME empty — needs manufacturer-source enrichment. | Classpath unresolved — needs classification review. | No attributes extracted — description too sparse or needs enrichment.
52488,False,0.19,True,False,0,Product type/classpath unresolved by rules — needs AI classification or review. | Brand unresolved from input — needs manufacturer-source enrichment. | MOBILE_DESC is 20 chars (target 60-80). | BRAND_NAME empty — needs manufacturer-source enrichment. | Classpath unresolved — needs classification review. | No attributes extracted — description too sparse or needs enrichment.
52655,False,0.19,True,False,0,Product type/classpath unresolved by rules — needs AI classification or review. | Brand unresolved from input — needs manufacturer-source enrichment. | MOBILE_DESC is 20 chars (target 60-80). | BRAND_NAME empty — needs manufacturer-source enrichment. | Classpath unresolved — needs classification review. | No attributes extracted — description too sparse or needs enrichment.
59261,False,0.19,True,False,0,Product type/classpath unresolved by rules — needs AI classification or review. | Brand unresolved from input — needs manufacturer-source enrichment. | MOBILE_DESC is 20 chars (target 60-80). | BRAND_NAME empty — needs manufacturer-source enrichment. | Classpath unresolved — needs classification review. | No attributes extracted — description too sparse or needs enrichment.
51731,False,0.19,True,False,0,Product type/classpath unresolved by rules — needs AI classification or review. | Brand unresolved from input — needs manufacturer-source enrichment. | MOBILE_DESC is 20 chars (target 60-80). | BRAND_NAME empty — needs manufacturer-source enrichment. | Classpath unresolved — needs classification review. | No attributes extracted — description too sparse or needs enrichment.
XLC10ZW,False,0.44,True,False,1,Product type/classpath unresolved by rules — needs AI classification or review. | MOBILE_DESC is 23 chars (target 60-80). | Classpath unresolved — needs classification review.
HS-DA,False,0.19,True,False,0,Product type/classpath unresolved by rules — needs AI classification or review. | Brand unresolved from input — needs manufacturer-source enrichment. | MOBILE_DESC is 12 chars (target 60-80). | BRAND_NAME empty — needs manufacturer-source enrichment. | Classpath unresolved — needs classification review. | No attributes extracted — description too sparse or needs enrichment.
73002252,False,0.09,True,False,0,Product type/classpath unresolved by rules — needs AI classification or review. | Brand unresolved from input — needs manufacturer-source enrichment. | MOBILE_DESC is 8 chars (target 60-80). | BRAND_NAME empty — needs manufacturer-source enrichment. | Classpath unresolved — needs classification review. | No attributes extracted — description too sparse or needs enrichment.
48-22-8396R,False,0.27,True,False,1,Product type/classpath unresolved by rules — needs AI classification or review. | Brand unresolved from input — needs manufacturer-source enrichment. | MOBILE_DESC is 32 chars (target 60-80). | BRAND_NAME empty — needs manufacturer-source enrichment. | Classpath unresolved — needs classification review.
48-22-8397R,False,0.27,True,False,1,Product type/classpath unresolved by rules — needs AI classification or review. | Brand unresolved from input — needs manufacturer-source enrichment. | MOBILE_DESC is 32 chars (target 60-80). | BRAND_NAME empty — needs manufacturer-source enrichment. | Classpath unresolved — needs classification review.
DCGG581B,False,0.44,True,False,1,Product type/classpath unresolved by rules — needs AI classification or review. | MOBILE_DESC is 30 chars (target 60-80). | Classpath unresolved — needs classification review.
DCGG581GD1,False,0.44,True,False,1,Product type/classpath unresolved by rules — needs AI classification or review. | MOBILE_DESC is 32 chars (target 60-80). | Classpath unresolved — needs classification review.
DWST41092,False,0.36,True,False,0,Product type/classpath unresolved by rules — needs AI classification or review. | MOBILE_DESC is 31 chars (target 60-80). | Classpath unresolved — needs classification review. | No attributes extracted — description too sparse or needs enrichment.
156436WHT,False,0.19,True,False,0,Product type/classpath unresolved by rules — needs AI classification or review. | Brand unresolved from input — needs manufacturer-source enrichment. | MOBILE_DESC is 37 chars (target 60-80). | BRAND_NAME empty — needs manufacturer-source enrichment. | Classpath unresolved — needs classification review. | No attributes extracted — description too sparse or needs enrichment.
173950TBK,False,0.27,True,False,1,Product type/classpath unresolved by rules — needs AI classification or review. | Brand unresolved from input — needs manufacturer-source enrichment. | MOBILE_DESC is 37 chars (target 60-80). | BRAND_NAME empty — needs manufacturer-source enrichment. | Classpath unresolved — needs classification review.
173951TBK,False,0.27,True,False,1,Product type/classpath unresolved by rules — needs AI classification or review. | Brand unresolved from input — needs manufacturer-source enrichment. | MOBILE_DESC is 37 chars (target 60-80). | BRAND_NAME empty — needs manufacturer-source enrichment. | Classpath unresolved — needs classification review.
173952TBK,False,0.27,True,False,1,Product type/classpath unresolved by rules — needs AI classification or review. | Brand unresolved from input — needs manufacturer-source enrichment. | MOBILE_DESC is 37 chars (target 60-80). | BRAND_NAME empty — needs manufacturer-source enrichment. | Classpath unresolved — needs classification review.
1624157,False,0.09,True,False,0,Product type/classpath unresolved by rules — needs AI classification or review. | Brand unresolved from input — needs manufacturer-source enrichment. | MOBILE_DESC is 7 chars (target 60-80). | BRAND_NAME empty — needs manufacturer-source enrichment. | Classpath unresolved — needs classification review. | No attributes extracted — description too sparse or needs enrichment.
40025,False,0.19,True,False,0,Product type/classpath unresolved by rules — needs AI classification or review. | Brand unresolved from input — needs manufacturer-source enrichment. | MOBILE_DESC is 26 chars (target 60-80). | BRAND_NAME empty — needs manufacturer-source enrichment. | Classpath unresolved — needs classification review. | No attributes extracted — description too sparse or needs enrichment.
48-22-3301,False,0.19,True,False,0,Product type/classpath unresolved by rules — needs AI classification or review. | Brand unresolved from input — needs manufacturer-source enrichment. | MOBILE_DESC is 31 chars (target 60-80). | BRAND_NAME empty — needs manufacturer-source enrichment. | Classpath unresolved — needs classification review. | No attributes extracted — description too sparse or needs enrichment.
48-22-3302,False,0.19,True,False,0,Product type/classpath unresolved by rules — needs AI classification or review. | Brand unresolved from input — needs manufacturer-source enrichment. | MOBILE_DESC is 31 chars (target 60-80). | BRAND_NAME empty — needs manufacturer-source enrichment. | Classpath unresolved — needs classification review. | No attributes extracted — description too sparse or needs enrichment.
48-22-3303,False,0.19,True,False,0,Product type/classpath unresolved by rules — needs AI classification or review. | Brand unresolved from input — needs manufacturer-source enrichment. | MOBILE_DESC is 31 chars (target 60-80). | BRAND_NAME empty — needs manufacturer-source enrichment. | Classpath unresolved — needs classification review. | No attributes extracted — description too sparse or needs enrichment.
TSDKAP218-G2,False,0.19,True,False,0,Product type/classpath unresolved by rules — needs AI classification or review. | Brand unresolved from input — needs manufacturer-source enrichment. | MOBILE_DESC is 30 chars (target 60-80). | BRAND_NAME empty — needs manufacturer-source enrichment. | Classpath unresolved — needs classification review. | No attributes extracted — description too sparse or needs enrichment.
XPAP418,False,0.19,True,False,0,Product type/classpath unresolved by rules — needs AI classification or review. | Brand unresolved from input — needs manufacturer-source enrichment. | MOBILE_DESC is 25 chars (target 60-80). | BRAND_NAME empty — needs manufacturer-source enrichment. | Classpath unresolved — needs classification review. | No attributes extracted — description too sparse or needs enrichment.
XDAP419,False,0.19,True,False,0,Product type/classpath unresolved by rules — needs AI classification or review. | Brand unresolved from input — needs manufacturer-source enrichment. | MOBILE_DESC is 25 chars (target 60-80). | BRAND_NAME empty — needs manufacturer-source enrichment. | Classpath unresolved — needs classification review. | No attributes extracted — description too sparse or needs enrichment.
XB11PCVS,False,0.19,True,False,0,Product type/classpath unresolved by rules — needs AI classification or review. | Brand unresolved from input — needs manufacturer-source enrichment. | MOBILE_DESC is 26 chars (target 60-80). | BRAND_NAME empty — needs manufacturer-source enrichment. | Classpath unresolved — needs classification review. | No attributes extracted — description too sparse or needs enrichment.
KB121VS,False,0.19,True,False,0,Product type/classpath unresolved by rules — needs AI classification or review. | Brand unresolved from input — needs manufacturer-source enrichment. | MOBILE_DESC is 25 chars (target 60-80). | BRAND_NAME empty — needs manufacturer-source enrichment. | Classpath unresolved — needs classification review. | No attributes extracted — description too sparse or needs enrichment.
KB126VS,False,0.19,True,False,0,Product type/classpath unresolved by rules — needs AI classification or review. | Brand unresolved from input — needs manufacturer-source enrichment. | MOBILE_DESC is 25 chars (target 60-80). | BRAND_NAME empty — needs manufacturer-source enrichment. | Classpath unresolved — needs classification review. | No attributes extracted — description too sparse or needs enrichment.
TC121VS,False,0.19,True,False,0,Product type/classpath unresolved by rules — needs AI classification or review. | Brand unresolved from input — needs manufacturer-source enrichment. | MOBILE_DESC is 25 chars (target 60-80). | BRAND_NAME empty — needs manufacturer-source enrichment. | Classpath unresolved — needs classification review. | No attributes extracted — description too sparse or needs enrichment.
TC126VS,False,0.19,True,False,0,Product type/classpath unresolved by rules — needs AI classification or review. | Brand unresolved from input — needs manufacturer-source enrichment. | MOBILE_DESC is 25 chars (target 60-80). | BRAND_NAME empty — needs manufacturer-source enrichment. | Classpath unresolved — needs classification review. | No attributes extracted — description too sparse or needs enrichment.
MK113MPAP,False,0.19,True,False,0,Product type/classpath unresolved by rules — needs AI classification or review. | Brand unresolved from input — needs manufacturer-source enrichment. | MOBILE_DESC is 27 chars (target 60-80). | BRAND_NAME empty — needs manufacturer-source enrichment. | Classpath unresolved — needs classification review. | No attributes extracted — description too sparse or needs enrichment.
LS117MPAP,False,0.19,True,False,0,Product type/classpath unresolved by rules — needs AI classification or review. | Brand unresolved from input — needs manufacturer-source enrichment. | MOBILE_DESC is 27 chars (target 60-80). | BRAND_NAME empty — needs manufacturer-source enrichment. | Classpath unresolved — needs classification review. | No attributes extracted — description too sparse or needs enrichment.
FE-EFX-6L,False,0.19,True,False,0,Product type/classpath unresolved by rules — needs AI classification or review. | Brand unresolved from input — needs manufacturer-source enrichment. | MOBILE_DESC is 41 chars (target 60-80). | BRAND_NAME empty — needs manufacturer-source enrichment. | Classpath unresolved — needs classification review. | No attributes extracted — description too sparse or needs enrichment.
FE-EFX-9L,False,0.19,True,False,0,Product type/classpath unresolved by rules — needs AI classification or review. | Brand unresolved from input — needs manufacturer-source enrichment. | MOBILE_DESC is 41 chars (target 60-80). | BRAND_NAME empty — needs manufacturer-source enrichment. | Classpath unresolved — needs classification review. | No attributes extracted — description too sparse or needs enrichment.
1046793,False,0.19,True,False,0,Product type/classpath unresolved by rules — needs AI classification or review. | Brand unresolved from input — needs manufacturer-source enrichment. | MOBILE_DESC is 35 chars (target 60-80). | BRAND_NAME empty — needs manufacturer-source enrichment. | Classpath unresolved — needs classification review. | No attributes extracted — description too sparse or needs enrichment.
1046870,False,0.19,True,False,0,Product type/classpath unresolved by rules — needs AI classification or review. | Brand unresolved from input — needs manufacturer-source enrichment. | MOBILE_DESC is 35 chars (target 60-80). | BRAND_NAME empty — needs manufacturer-source enrichment. | Classpath unresolved — needs classification review. | No attributes extracted — description too sparse or needs enrichment.
M701B-21L,False,0.36,True,False,0,Brand unresolved from input — needs manufacturer-source enrichment. | MOBILE_DESC is 38 chars (target 60-80). | BRAND_NAME empty — needs manufacturer-source enrichment. | No attributes extracted — description too sparse or needs enrichment.
M701B-21M,False,0.36,True,False,0,Brand unresolved from input — needs manufacturer-source enrichment. | MOBILE_DESC is 38 chars (target 60-80). | BRAND_NAME empty — needs manufacturer-source enrichment. | No attributes extracted — description too sparse or needs enrichment.
M701B-21S,False,0.36,True,False,0,Brand unresolved from input — needs manufacturer-source enrichment. | MOBILE_DESC is 37 chars (target 60-80). | BRAND_NAME empty — needs manufacturer-source enrichment. | No attributes extracted — description too sparse or needs enrichment.
M701B-21XL,False,0.36,True,False,0,Brand unresolved from input — needs manufacturer-source enrichment. | MOBILE_DESC is 38 chars (target 60-80). | BRAND_NAME empty — needs manufacturer-source enrichment. | No attributes extracted — description too sparse or needs enrichment.
MWUG42010124,False,0.36,True,False,0,Brand unresolved from input — needs manufacturer-source enrichment. | MOBILE_DESC is 38 chars (target 60-80). | BRAND_NAME empty — needs manufacturer-source enrichment. | No attributes extracted — description too sparse or needs enrichment.
MWUG42010224,False,0.36,True,False,0,Brand unresolved from input — needs manufacturer-source enrichment. | MOBILE_DESC is 38 chars (target 60-80). | BRAND_NAME empty — needs manufacturer-source enrichment. | No attributes extracted — description too sparse or needs enrichment.
MWUG42010324,False,0.36,True,False,0,Brand unresolved from input — needs manufacturer-source enrichment. | MOBILE_DESC is 38 chars (target 60-80). | BRAND_NAME empty — needs manufacturer-source enrichment. | No attributes extracted — description too sparse or needs enrichment.
MWUG42010424,False,0.36,True,False,0,Brand unresolved from input — needs manufacturer-source enrichment. | MOBILE_DESC is 38 chars (target 60-80). | BRAND_NAME empty — needs manufacturer-source enrichment. | No attributes extracted — description too sparse or needs enrichment.
MWUG42010524,False,0.36,True,False,0,Brand unresolved from input — needs manufacturer-source enrichment. | MOBILE_DESC is 38 chars (target 60-80). | BRAND_NAME empty — needs manufacturer-source enrichment. | No attributes extracted — description too sparse or needs enrichment.
MWUG42010624,False,0.36,True,False,0,Brand unresolved from input — needs manufacturer-source enrichment. | MOBILE_DESC is 38 chars (target 60-80). | BRAND_NAME empty — needs manufacturer-source enrichment. | No attributes extracted — description too sparse or needs enrichment.
MWUG36010225,False,0.36,True,False,0,Brand unresolved from input — needs manufacturer-source enrichment. | MOBILE_DESC is 38 chars (target 60-80). | BRAND_NAME empty — needs manufacturer-source enrichment. | No attributes extracted — description too sparse or needs enrichment.
MWUG36010325,False,0.36,True,False,0,Brand unresolved from input — needs manufacturer-source enrichment. | MOBILE_DESC is 38 chars (target 60-80). | BRAND_NAME empty — needs manufacturer-source enrichment. | No attributes extracted — description too sparse or needs enrichment.
MWUG36010425,False,0.36,True,False,0,Brand unresolved from input — needs manufacturer-source enrichment. | MOBILE_DESC is 38 chars (target 60-80). | BRAND_NAME empty — needs manufacturer-source enrichment. | No attributes extracted — description too sparse or needs enrichment.
MWUG36010525,False,0.36,True,False,0,Brand unresolved from input — needs manufacturer-source enrichment. | MOBILE_DESC is 38 chars (target 60-80). | BRAND_NAME empty — needs manufacturer-source enrichment. | No attributes extracted — description too sparse or needs enrichment.
MWUG36010625,False,0.36,True,False,0,Brand unresolved from input — needs manufacturer-source enrichment. | MOBILE_DESC is 38 chars (target 60-80). | BRAND_NAME empty — needs manufacturer-source enrichment. | No attributes extracted — description too sparse or needs enrichment.
DPG15,False,0.36,True,False,0,Product type/classpath unresolved by rules — needs AI classification or review. | MOBILE_DESC is 14 chars (target 60-80). | Classpath unresolved — needs classification review. | No attributes extracted — description too sparse or needs enrichment.
F200B-21L,False,0.19,True,False,0,Product type/classpath unresolved by rules — needs AI classification or review. | Brand unresolved from input — needs manufacturer-source enrichment. | MOBILE_DESC is 31 chars (target 60-80). | BRAND_NAME empty — needs manufacturer-source enrichment. | Classpath unresolved — needs classification review. | No attributes extracted — description too sparse or needs enrichment.
F200B-21M,False,0.19,True,False,0,Product type/classpath unresolved by rules — needs AI classification or review. | Brand unresolved from input — needs manufacturer-source enrichment. | MOBILE_DESC is 31 chars (target 60-80). | BRAND_NAME empty — needs manufacturer-source enrichment. | Classpath unresolved — needs classification review. | No attributes extracted — description too sparse or needs enrichment.
M200B-21L,False,0.19,True,False,0,Product type/classpath unresolved by rules — needs AI classification or review. | Brand unresolved from input — needs manufacturer-source enrichment. | MOBILE_DESC is 31 chars (target 60-80). | BRAND_NAME empty — needs manufacturer-source enrichment. | Classpath unresolved — needs classification review. | No attributes extracted — description too sparse or needs enrichment.
M200B-21M,False,0.19,True,False,0,Product type/classpath unresolved by rules — needs AI classification or review. | Brand unresolved from input — needs manufacturer-source enrichment. | MOBILE_DESC is 31 chars (target 60-80). | BRAND_NAME empty — needs manufacturer-source enrichment. | Classpath unresolved — needs classification review. | No attributes extracted — description too sparse or needs enrichment.
M200B-21XL,False,0.19,True,False,0,Product type/classpath unresolved by rules — needs AI classification or review. | Brand unresolved from input — needs manufacturer-source enrichment. | MOBILE_DESC is 31 chars (target 60-80). | BRAND_NAME empty — needs manufacturer-source enrichment. | Classpath unresolved — needs classification review. | No attributes extracted — description too sparse or needs enrichment.
M200G-21L,False,0.19,True,False,0,Product type/classpath unresolved by rules — needs AI classification or review. | Brand unresolved from input — needs manufacturer-source enrichment. | MOBILE_DESC is 32 chars (target 60-80). | BRAND_NAME empty — needs manufacturer-source enrichment. | Classpath unresolved — needs classification review. | No attributes extracted — description too sparse or needs enrichment.
M200G-21M,False,0.19,True,False,0,Product type/classpath unresolved by rules — needs AI classification or review. | Brand unresolved from input — needs manufacturer-source enrichment. | MOBILE_DESC is 32 chars (target 60-80). | BRAND_NAME empty — needs manufacturer-source enrichment. | Classpath unresolved — needs classification review. | No attributes extracted — description too sparse or needs enrichment.
M200G-21XL,False,0.19,True,False,0,Product type/classpath unresolved by rules — needs AI classification or review. | Brand unresolved from input — needs manufacturer-source enrichment. | MOBILE_DESC is 32 chars (target 60-80). | BRAND_NAME empty — needs manufacturer-source enrichment. | Classpath unresolved — needs classification review. | No attributes extracted — description too sparse or needs enrichment.
48-11-2330,False,0.19,True,False,0,Product type/classpath unresolved by rules — needs AI classification or review. | Brand unresolved from input — needs manufacturer-source enrichment. | MOBILE_DESC is 31 chars (target 60-80). | BRAND_NAME empty — needs manufacturer-source enrichment. | Classpath unresolved — needs classification review. | No attributes extracted — description too sparse or needs enrichment.
DCBP250C,False,0.31,True,False,0,Product type/classpath unresolved by rules — needs AI classification or review. | MOBILE_DESC is 35 chars (target 60-80). | Classpath unresolved — needs classification review. | No attributes extracted — description too sparse or needs enrichment.
5328,False,0.09,True,False,0,Product type/classpath unresolved by rules — needs AI classification or review. | Brand unresolved from input — needs manufacturer-source enrichment. | MOBILE_DESC is 4 chars (target 60-80). | BRAND_NAME empty — needs manufacturer-source enrichment. | Classpath unresolved — needs classification review. | No attributes extracted — description too sparse or needs enrichment.
3200-20,False,0.19,True,False,0,Product type/classpath unresolved by rules — needs AI classification or review. | Brand unresolved from input — needs manufacturer-source enrichment. | MOBILE_DESC is 28 chars (target 60-80). | BRAND_NAME empty — needs manufacturer-source enrichment. | Classpath unresolved — needs classification review. | No attributes extracted — description too sparse or needs enrichment.
3202-20,False,0.19,True,False,0,Product type/classpath unresolved by rules — needs AI classification or review. | Brand unresolved from input — needs manufacturer-source enrichment. | MOBILE_DESC is 28 chars (target 60-80). | BRAND_NAME empty — needs manufacturer-source enrichment. | Classpath unresolved — needs classification review. | No attributes extracted — description too sparse or needs enrichment.
3203-20,False,0.19,True,False,0,Product type/classpath unresolved by rules — needs AI classification or review. | Brand unresolved from input — needs manufacturer-source enrichment. | MOBILE_DESC is 28 chars (target 60-80). | BRAND_NAME empty — needs manufacturer-source enrichment. | Classpath unresolved — needs classification review. | No attributes extracted — description too sparse or needs enrichment.
BC-12300,False,0.27,True,False,1,Product type/classpath unresolved by rules — needs AI classification or review. | Brand unresolved from input — needs manufacturer-source enrichment. | MOBILE_DESC is 25 chars (target 60-80). | BRAND_NAME empty — needs manufacturer-source enrichment. | Classpath unresolved — needs classification review.
BC-24600,False,0.27,True,False,1,Product type/classpath unresolved by rules — needs AI classification or review. | Brand unresolved from input — needs manufacturer-source enrichment. | MOBILE_DESC is 25 chars (target 60-80). | BRAND_NAME empty — needs manufacturer-source enrichment. | Classpath unresolved — needs classification review.
DW08302CG,False,0.36,True,False,0,Product type/classpath unresolved by rules — needs AI classification or review. | MOBILE_DESC is 31 chars (target 60-80). | Classpath unresolved — needs classification review. | No attributes extracted — description too sparse or needs enrichment.
GCL165-42GL,False,0.19,True,False,0,Product type/classpath unresolved by rules — needs AI classification or review. | Brand unresolved from input — needs manufacturer-source enrichment. | MOBILE_DESC is 33 chars (target 60-80). | BRAND_NAME empty — needs manufacturer-source enrichment. | Classpath unresolved — needs classification review. | No attributes extracted — description too sparse or needs enrichment.
DW08802CG,False,0.36,True,False,0,Product type/classpath unresolved by rules — needs AI classification or review. | MOBILE_DESC is 31 chars (target 60-80). | Classpath unresolved — needs classification review. | No attributes extracted — description too sparse or needs enrichment.
DW088CG,False,0.36,True,False,0,Product type/classpath unresolved by rules — needs AI classification or review. | MOBILE_DESC is 29 chars (target 60-80). | Classpath unresolved — needs classification review. | No attributes extracted — description too sparse or needs enrichment.
DW089CG,False,0.44,True,False,1,Product type/classpath unresolved by rules — needs AI classification or review. | MOBILE_DESC is 29 chars (target 60-80). | Classpath unresolved — needs classification review.
DCLE34520GB,False,0.44,True,False,1,Product type/classpath unresolved by rules — needs AI classification or review. | MOBILE_DESC is 33 chars (target 60-80). | Classpath unresolved — needs classification review.
DCLE34031B,False,0.44,True,False,1,Product type/classpath unresolved by rules — needs AI classification or review. | MOBILE_DESC is 32 chars (target 60-80). | Classpath unresolved — needs classification review.
DW0822CG,False,0.36,True,False,0,Product type/classpath unresolved by rules — needs AI classification or review. | MOBILE_DESC is 30 chars (target 60-80). | Classpath unresolved — needs classification review. | No attributes extracted — description too sparse or needs enrichment.
25459,False,0.19,True,False,0,Product type/classpath unresolved by rules — needs AI classification or review. | Brand unresolved from input — needs manufacturer-source enrichment. | MOBILE_DESC is 23 chars (target 60-80). | BRAND_NAME empty — needs manufacturer-source enrichment. | Classpath unresolved — needs classification review. | No attributes extracted — description too sparse or needs enrichment.
35459,False,0.19,True,False,0,Product type/classpath unresolved by rules — needs AI classification or review. | Brand unresolved from input — needs manufacturer-source enrichment. | MOBILE_DESC is 23 chars (target 60-80). | BRAND_NAME empty — needs manufacturer-source enrichment. | Classpath unresolved — needs classification review. | No attributes extracted — description too sparse or needs enrichment.
25759,False,0.19,True,False,0,Product type/classpath unresolved by rules — needs AI classification or review. | Brand unresolved from input — needs manufacturer-source enrichment. | MOBILE_DESC is 23 chars (target 60-80). | BRAND_NAME empty — needs manufacturer-source enrichment. | Classpath unresolved — needs classification review. | No attributes extracted — description too sparse or needs enrichment.
35112,False,0.19,True,False,0,Product type/classpath unresolved by rules — needs AI classification or review. | Brand unresolved from input — needs manufacturer-source enrichment. | MOBILE_DESC is 23 chars (target 60-80). | BRAND_NAME empty — needs manufacturer-source enrichment. | Classpath unresolved — needs classification review. | No attributes extracted — description too sparse or needs enrichment.
35115,False,0.19,True,False,0,Product type/classpath unresolved by rules — needs AI classification or review. | Brand unresolved from input — needs manufacturer-source enrichment. | MOBILE_DESC is 23 chars (target 60-80). | BRAND_NAME empty — needs manufacturer-source enrichment. | Classpath unresolved — needs classification review. | No attributes extracted — description too sparse or needs enrichment.
25168,False,0.19,True,False,0,Product type/classpath unresolved by rules — needs AI classification or review. | Brand unresolved from input — needs manufacturer-source enrichment. | MOBILE_DESC is 23 chars (target 60-80). | BRAND_NAME empty — needs manufacturer-source enrichment. | Classpath unresolved — needs classification review. | No attributes extracted — description too sparse or needs enrichment.
35468,False,0.19,True,False,0,Product type/classpath unresolved by rules — needs AI classification or review. | Brand unresolved from input — needs manufacturer-source enrichment. | MOBILE_DESC is 23 chars (target 60-80). | BRAND_NAME empty — needs manufacturer-source enrichment. | Classpath unresolved — needs classification review. | No attributes extracted — description too sparse or needs enrichment.
35494,False,0.19,True,False,0,Product type/classpath unresolved by rules — needs AI classification or review. | Brand unresolved from input — needs manufacturer-source enrichment. | MOBILE_DESC is 23 chars (target 60-80). | BRAND_NAME empty — needs manufacturer-source enrichment. | Classpath unresolved — needs classification review. | No attributes extracted — description too sparse or needs enrichment.
MLSQ0120,False,0.19,True,False,0,Product type/classpath unresolved by rules — needs AI classification or review. | Brand unresolved from input — needs manufacturer-source enrichment. | MOBILE_DESC is 29 chars (target 60-80). | BRAND_NAME empty — needs manufacturer-source enrichment. | Classpath unresolved — needs classification review. | No attributes extracted — description too sparse or needs enrichment.
MLSQ1120,False,0.27,True,False,1,Product type/classpath unresolved by rules — needs AI classification or review. | Brand unresolved from input — needs manufacturer-source enrichment. | MOBILE_DESC is 29 chars (target 60-80). | BRAND_NAME empty — needs manufacturer-source enrichment. | Classpath unresolved — needs classification review.
55227,False,0.19,True,False,0,Product type/classpath unresolved by rules — needs AI classification or review. | Brand unresolved from input — needs manufacturer-source enrichment. | MOBILE_DESC is 22 chars (target 60-80). | BRAND_NAME empty — needs manufacturer-source enrichment. | Classpath unresolved — needs classification review. | No attributes extracted — description too sparse or needs enrichment.
37300952,False,0.09,True,False,0,Product type/classpath unresolved by rules — needs AI classification or review. | Brand unresolved from input — needs manufacturer-source enrichment. | MOBILE_DESC is 8 chars (target 60-80). | BRAND_NAME empty — needs manufacturer-source enrichment. | Classpath unresolved — needs classification review. | No attributes extracted — description too sparse or needs enrichment.
6008,False,0.19,True,False,0,Product type/classpath unresolved by rules — needs AI classification or review. | Brand unresolved from input — needs manufacturer-source enrichment. | MOBILE_DESC is 35 chars (target 60-80). | BRAND_NAME empty — needs manufacturer-source enrichment. | Classpath unresolved — needs classification review. | No attributes extracted — description too sparse or needs enrichment.
6009,False,0.19,True,False,0,Product type/classpath unresolved by rules — needs AI classification or review. | Brand unresolved from input — needs manufacturer-source enrichment. | MOBILE_DESC is 35 chars (target 60-80). | BRAND_NAME empty — needs manufacturer-source enrichment. | Classpath unresolved — needs classification review. | No attributes extracted — description too sparse or needs enrichment.
3000A,False,0.27,True,False,1,Product type/classpath unresolved by rules — needs AI classification or review. | Brand unresolved from input — needs manufacturer-source enrichment. | MOBILE_DESC is 37 chars (target 60-80). | BRAND_NAME empty — needs manufacturer-source enrichment. | Classpath unresolved — needs classification review.
MID6630201US,False,0.19,True,False,0,Product type/classpath unresolved by rules — needs AI classification or review. | Brand unresolved from input — needs manufacturer-source enrichment. | MOBILE_DESC is 33 chars (target 60-80). | BRAND_NAME empty — needs manufacturer-source enrichment. | Classpath unresolved — needs classification review. | No attributes extracted — description too sparse or needs enrichment.
DCF6202,False,0.36,True,False,0,Product type/classpath unresolved by rules — needs AI classification or review. | MOBILE_DESC is 29 chars (target 60-80). | Classpath unresolved — needs classification review. | No attributes extracted — description too sparse or needs enrichment.
25468,False,0.19,True,False,0,Product type/classpath unresolved by rules — needs AI classification or review. | Brand unresolved from input — needs manufacturer-source enrichment. | MOBILE_DESC is 23 chars (target 60-80). | BRAND_NAME empty — needs manufacturer-source enrichment. | Classpath unresolved — needs classification review. | No attributes extracted — description too sparse or needs enrichment.
25762,False,0.19,True,False,0,Product type/classpath unresolved by rules — needs AI classification or review. | Brand unresolved from input — needs manufacturer-source enrichment. | MOBILE_DESC is 23 chars (target 60-80). | BRAND_NAME empty — needs manufacturer-source enrichment. | Classpath unresolved — needs classification review. | No attributes extracted — description too sparse or needs enrichment.
21839NN,False,0.09,True,False,0,Product type/classpath unresolved by rules — needs AI classification or review. | Brand unresolved from input — needs manufacturer-source enrichment. | MOBILE_DESC is 7 chars (target 60-80). | BRAND_NAME empty — needs manufacturer-source enrichment. | Classpath unresolved — needs classification review. | No attributes extracted — description too sparse or needs enrichment.
VN56920,False,0.36,True,False,0,Brand unresolved from input — needs manufacturer-source enrichment. | MOBILE_DESC is 39 chars (target 60-80). | BRAND_NAME empty — needs manufacturer-source enrichment. | No attributes extracted — description too sparse or needs enrichment.
133164,False,0.19,True,False,0,Product type/classpath unresolved by rules — needs AI classification or review. | Brand unresolved from input — needs manufacturer-source enrichment. | MOBILE_DESC is 25 chars (target 60-80). | BRAND_NAME empty — needs manufacturer-source enrichment. | Classpath unresolved — needs classification review. | No attributes extracted — description too sparse or needs enrichment.
DWHT10993,False,0.19,True,False,0,Product type/classpath unresolved by rules — needs AI classification or review. | Brand unresolved from input — needs manufacturer-source enrichment. | MOBILE_DESC is 31 chars (target 60-80). | BRAND_NAME empty — needs manufacturer-source enrichment. | Classpath unresolved — needs classification review. | No attributes extracted — description too sparse or needs enrichment.
DWHT10994,False,0.19,True,False,0,Product type/classpath unresolved by rules — needs AI classification or review. | Brand unresolved from input — needs manufacturer-source enrichment. | MOBILE_DESC is 31 chars (target 60-80). | BRAND_NAME empty — needs manufacturer-source enrichment. | Classpath unresolved — needs classification review. | No attributes extracted — description too sparse or needs enrichment.
QB22RU,False,0.19,True,False,0,Product type/classpath unresolved by rules — needs AI classification or review. | Brand unresolved from input — needs manufacturer-source enrichment. | MOBILE_DESC is 28 chars (target 60-80). | BRAND_NAME empty — needs manufacturer-source enrichment. | Classpath unresolved — needs classification review. | No attributes extracted — description too sparse or needs enrichment.
QB22KU,False,0.19,True,False,0,Product type/classpath unresolved by rules — needs AI classification or review. | Brand unresolved from input — needs manufacturer-source enrichment. | MOBILE_DESC is 28 chars (target 60-80). | BRAND_NAME empty — needs manufacturer-source enrichment. | Classpath unresolved — needs classification review. | No attributes extracted — description too sparse or needs enrichment.
AVM6EV,False,0.19,True,False,0,Product type/classpath unresolved by rules — needs AI classification or review. | Brand unresolved from input — needs manufacturer-source enrichment. | MOBILE_DESC is 18 chars (target 60-80). | BRAND_NAME empty — needs manufacturer-source enrichment. | Classpath unresolved — needs classification review. | No attributes extracted — description too sparse or needs enrichment.
AVM6EV,False,0.19,True,False,0,Product type/classpath unresolved by rules — needs AI classification or review. | Brand unresolved from input — needs manufacturer-source enrichment. | MOBILE_DESC is 18 chars (target 60-80). | BRAND_NAME empty — needs manufacturer-source enrichment. | Classpath unresolved — needs classification review. | No attributes extracted — description too sparse or needs enrichment.
DSA0250B,False,0.19,True,False,0,Product type/classpath unresolved by rules — needs AI classification or review. | Brand unresolved from input — needs manufacturer-source enrichment. | MOBILE_DESC is 19 chars (target 60-80). | BRAND_NAME empty — needs manufacturer-source enrichment. | Classpath unresolved — needs classification review. | No attributes extracted — description too sparse or needs enrichment.
DSA0375B,False,0.19,True,False,0,Product type/classpath unresolved by rules — needs AI classification or review. | Brand unresolved from input — needs manufacturer-source enrichment. | MOBILE_DESC is 19 chars (target 60-80). | BRAND_NAME empty — needs manufacturer-source enrichment. | Classpath unresolved — needs classification review. | No attributes extracted — description too sparse or needs enrichment.
DSA0500B,False,0.19,True,False,0,Product type/classpath unresolved by rules — needs AI classification or review. | Brand unresolved from input — needs manufacturer-source enrichment. | MOBILE_DESC is 19 chars (target 60-80). | BRAND_NAME empty — needs manufacturer-source enrichment. | Classpath unresolved — needs classification review. | No attributes extracted — description too sparse or needs enrichment.
42-04-9107,False,0.19,True,False,0,Product type/classpath unresolved by rules — needs AI classification or review. | Brand unresolved from input — needs manufacturer-source enrichment. | MOBILE_DESC is 31 chars (target 60-80). | BRAND_NAME empty — needs manufacturer-source enrichment. | Classpath unresolved — needs classification review. | No attributes extracted — description too sparse or needs enrichment.
48-22-9491,False,0.19,True,False,0,Product type/classpath unresolved by rules — needs AI classification or review. | Brand unresolved from input — needs manufacturer-source enrichment. | MOBILE_DESC is 31 chars (target 60-80). | BRAND_NAME empty — needs manufacturer-source enrichment. | Classpath unresolved — needs classification review. | No attributes extracted — description too sparse or needs enrichment.
DWMT45422,False,0.36,True,False,0,Product type/classpath unresolved by rules — needs AI classification or review. | MOBILE_DESC is 31 chars (target 60-80). | Classpath unresolved — needs classification review. | No attributes extracted — description too sparse or needs enrichment.
DWMT45424,False,0.36,True,False,0,Product type/classpath unresolved by rules — needs AI classification or review. | MOBILE_DESC is 31 chars (target 60-80). | Classpath unresolved — needs classification review. | No attributes extracted — description too sparse or needs enrichment.
48-22-9483,False,0.19,True,False,0,Product type/classpath unresolved by rules — needs AI classification or review. | Brand unresolved from input — needs manufacturer-source enrichment. | MOBILE_DESC is 31 chars (target 60-80). | BRAND_NAME empty — needs manufacturer-source enrichment. | Classpath unresolved — needs classification review. | No attributes extracted — description too sparse or needs enrichment.
48-22-9484,False,0.19,True,False,0,Product type/classpath unresolved by rules — needs AI classification or review. | Brand unresolved from input — needs manufacturer-source enrichment. | MOBILE_DESC is 31 chars (target 60-80). | BRAND_NAME empty — needs manufacturer-source enrichment. | Classpath unresolved — needs classification review. | No attributes extracted — description too sparse or needs enrichment.
48-22-9485,False,0.19,True,False,0,Product type/classpath unresolved by rules — needs AI classification or review. | Brand unresolved from input — needs manufacturer-source enrichment. | MOBILE_DESC is 31 chars (target 60-80). | BRAND_NAME empty — needs manufacturer-source enrichment. | Classpath unresolved — needs classification review. | No attributes extracted — description too sparse or needs enrichment.
48-44-2770,False,0.19,True,False,0,Product type/classpath unresolved by rules — needs AI classification or review. | Brand unresolved from input — needs manufacturer-source enrichment. | MOBILE_DESC is 31 chars (target 60-80). | BRAND_NAME empty — needs manufacturer-source enrichment. | Classpath unresolved — needs classification review. | No attributes extracted — description too sparse or needs enrichment.
IWHT48441RC,False,0.44,True,False,1,Product type/classpath unresolved by rules — needs AI classification or review. | MOBILE_DESC is 35 chars (target 60-80). | Classpath unresolved — needs classification review.
XRU23SM1,False,0.44,True,False,1,Product type/classpath unresolved by rules — needs AI classification or review. | MOBILE_DESC is 24 chars (target 60-80). | Classpath unresolved — needs classification review.
XRU15PT1,False,0.36,True,False,0,Product type/classpath unresolved by rules — needs AI classification or review. | MOBILE_DESC is 25 chars (target 60-80). | Classpath unresolved — needs classification review. | No attributes extracted — description too sparse or needs enrichment.
XRU23Z,False,0.44,True,False,1,Product type/classpath unresolved by rules — needs AI classification or review. | MOBILE_DESC is 22 chars (target 60-80). | Classpath unresolved — needs classification review.
0887-20,False,0.19,True,False,0,Product type/classpath unresolved by rules — needs AI classification or review. | Brand unresolved from input — needs manufacturer-source enrichment. | MOBILE_DESC is 28 chars (target 60-80). | BRAND_NAME empty — needs manufacturer-source enrichment. | Classpath unresolved — needs classification review. | No attributes extracted — description too sparse or needs enrichment.
DCBL724B,False,0.44,True,False,1,Product type/classpath unresolved by rules — needs AI classification or review. | MOBILE_DESC is 30 chars (target 60-80). | Classpath unresolved — needs classification review.
2954-20,False,0.19,True,False,0,Product type/classpath unresolved by rules — needs AI classification or review. | Brand unresolved from input — needs manufacturer-source enrichment. | MOBILE_DESC is 28 chars (target 60-80). | BRAND_NAME empty — needs manufacturer-source enrichment. | Classpath unresolved — needs classification review. | No attributes extracted — description too sparse or needs enrichment.
2955-20,False,0.19,True,False,0,Product type/classpath unresolved by rules — needs AI classification or review. | Brand unresolved from input — needs manufacturer-source enrichment. | MOBILE_DESC is 28 chars (target 60-80). | BRAND_NAME empty — needs manufacturer-source enrichment. | Classpath unresolved — needs classification review. | No attributes extracted — description too sparse or needs enrichment.
9A-219-180,False,0.27,True,False,1,Product type/classpath unresolved by rules — needs AI classification or review. | Brand unresolved from input — needs manufacturer-source enrichment. | MOBILE_DESC is 32 chars (target 60-80). | BRAND_NAME empty — needs manufacturer-source enrichment. | Classpath unresolved — needs classification review.
9A-219-120RP,False,0.27,True,False,1,Product type/classpath unresolved by rules — needs AI classification or review. | Brand unresolved from input — needs manufacturer-source enrichment. | MOBILE_DESC is 34 chars (target 60-80). | BRAND_NAME empty — needs manufacturer-source enrichment. | Classpath unresolved — needs classification review.
3033-20,False,0.19,True,False,0,Product type/classpath unresolved by rules — needs AI classification or review. | Brand unresolved from input — needs manufacturer-source enrichment. | MOBILE_DESC is 28 chars (target 60-80). | BRAND_NAME empty — needs manufacturer-source enrichment. | Classpath unresolved — needs classification review. | No attributes extracted — description too sparse or needs enrichment.
3033-21,False,0.19,True,False,0,Product type/classpath unresolved by rules — needs AI classification or review. | Brand unresolved from input — needs manufacturer-source enrichment. | MOBILE_DESC is 28 chars (target 60-80). | BRAND_NAME empty — needs manufacturer-source enrichment. | Classpath unresolved — needs classification review. | No attributes extracted — description too sparse or needs enrichment.
3034-20,False,0.19,True,False,0,Product type/classpath unresolved by rules — needs AI classification or review. | Brand unresolved from input — needs manufacturer-source enrichment. | MOBILE_DESC is 28 chars (target 60-80). | BRAND_NAME empty — needs manufacturer-source enrichment. | Classpath unresolved — needs classification review. | No attributes extracted — description too sparse or needs enrichment.
D25333K,False,0.36,True,False,0,Product type/classpath unresolved by rules — needs AI classification or review. | MOBILE_DESC is 29 chars (target 60-80). | Classpath unresolved — needs classification review. | No attributes extracted — description too sparse or needs enrichment.
DCD803B,False,0.36,True,False,0,Product type/classpath unresolved by rules — needs AI classification or review. | MOBILE_DESC is 29 chars (target 60-80). | Classpath unresolved — needs classification review. | No attributes extracted — description too sparse or needs enrichment.
DCF860B,False,0.44,True,False,1,Product type/classpath unresolved by rules — needs AI classification or review. | MOBILE_DESC is 29 chars (target 60-80). | Classpath unresolved — needs classification review.
3401-20,False,0.19,True,False,0,Product type/classpath unresolved by rules — needs AI classification or review. | Brand unresolved from input — needs manufacturer-source enrichment. | MOBILE_DESC is 28 chars (target 60-80). | BRAND_NAME empty — needs manufacturer-source enrichment. | Classpath unresolved — needs classification review. | No attributes extracted — description too sparse or needs enrichment.
KPTDR050A,False,0.27,True,False,1,Product type/classpath unresolved by rules — needs AI classification or review. | Brand unresolved from input — needs manufacturer-source enrichment. | MOBILE_DESC is 28 chars (target 60-80). | BRAND_NAME empty — needs manufacturer-source enrichment. | Classpath unresolved — needs classification review.
DCD1007B,False,0.44,True,False,1,Product type/classpath unresolved by rules — needs AI classification or review. | MOBILE_DESC is 30 chars (target 60-80). | Classpath unresolved — needs classification review.
DCD799B,False,0.36,True,False,0,Product type/classpath unresolved by rules — needs AI classification or review. | MOBILE_DESC is 29 chars (target 60-80). | Classpath unresolved — needs classification review. | No attributes extracted — description too sparse or needs enrichment.
58006,False,0.19,True,False,0,Product type/classpath unresolved by rules — needs AI classification or review. | Brand unresolved from input — needs manufacturer-source enrichment. | MOBILE_DESC is 22 chars (target 60-80). | BRAND_NAME empty — needs manufacturer-source enrichment. | Classpath unresolved — needs classification review. | No attributes extracted — description too sparse or needs enrichment.
2909-20,False,0.19,True,False,0,Product type/classpath unresolved by rules — needs AI classification or review. | Brand unresolved from input — needs manufacturer-source enrichment. | MOBILE_DESC is 28 chars (target 60-80). | BRAND_NAME empty — needs manufacturer-source enrichment. | Classpath unresolved — needs classification review. | No attributes extracted — description too sparse or needs enrichment.
2909-21,False,0.19,True,False,0,Product type/classpath unresolved by rules — needs AI classification or review. | Brand unresolved from input — needs manufacturer-source enrichment. | MOBILE_DESC is 28 chars (target 60-80). | BRAND_NAME empty — needs manufacturer-source enrichment. | Classpath unresolved — needs classification review. | No attributes extracted — description too sparse or needs enrichment.
918200,False,0.19,True,False,0,Product type/classpath unresolved by rules — needs AI classification or review. | Brand unresolved from input — needs manufacturer-source enrichment. | MOBILE_DESC is 26 chars (target 60-80). | BRAND_NAME empty — needs manufacturer-source enrichment. | Classpath unresolved — needs classification review. | No attributes extracted — description too sparse or needs enrichment.
2541-20,False,0.19,True,False,0,Product type/classpath unresolved by rules — needs AI classification or review. | Brand unresolved from input — needs manufacturer-source enrichment. | MOBILE_DESC is 28 chars (target 60-80). | BRAND_NAME empty — needs manufacturer-source enrichment. | Classpath unresolved — needs classification review. | No attributes extracted — description too sparse or needs enrichment.
DCN930B,False,0.44,True,False,1,Product type/classpath unresolved by rules — needs AI classification or review. | MOBILE_DESC is 29 chars (target 60-80). | Classpath unresolved — needs classification review.
DCN930P1,False,0.44,True,False,1,Product type/classpath unresolved by rules — needs AI classification or review. | MOBILE_DESC is 30 chars (target 60-80). | Classpath unresolved — needs classification review.
XNB04Z,False,0.44,True,False,1,Product type/classpath unresolved by rules — needs AI classification or review. | MOBILE_DESC is 22 chars (target 60-80). | Classpath unresolved — needs classification review.
XNB05Z,False,0.44,True,False,1,Product type/classpath unresolved by rules — needs AI classification or review. | MOBILE_DESC is 22 chars (target 60-80). | Classpath unresolved — needs classification review.
XNB06Z,False,0.44,True,False,1,Product type/classpath unresolved by rules — needs AI classification or review. | MOBILE_DESC is 22 chars (target 60-80). | Classpath unresolved — needs classification review.
XNB07Z,False,0.44,True,False,1,Product type/classpath unresolved by rules — needs AI classification or review. | MOBILE_DESC is 22 chars (target 60-80). | Classpath unresolved — needs classification review.
DZN930,False,0.36,True,False,0,Product type/classpath unresolved by rules — needs AI classification or review. | MOBILE_DESC is 28 chars (target 60-80). | Classpath unresolved — needs classification review. | No attributes extracted — description too sparse or needs enrichment.
220USB25U,False,0.19,True,False,0,Product type/classpath unresolved by rules — needs AI classification or review. | Brand unresolved from input — needs manufacturer-source enrichment. | MOBILE_DESC is 31 chars (target 60-80). | BRAND_NAME empty — needs manufacturer-source enrichment. | Classpath unresolved — needs classification review. | No attributes extracted — description too sparse or needs enrichment.
XRF03Z,False,0.44,True,False,1,Product type/classpath unresolved by rules — needs AI classification or review. | MOBILE_DESC is 22 chars (target 60-80). | Classpath unresolved — needs classification review.
220USBP5U,False,0.19,True,False,0,Product type/classpath unresolved by rules — needs AI classification or review. | Brand unresolved from input — needs manufacturer-source enrichment. | MOBILE_DESC is 31 chars (target 60-80). | BRAND_NAME empty — needs manufacturer-source enrichment. | Classpath unresolved — needs classification review. | No attributes extracted — description too sparse or needs enrichment.
49-66-4567,False,0.19,True,False,0,Product type/classpath unresolved by rules — needs AI classification or review. | Brand unresolved from input — needs manufacturer-source enrichment. | MOBILE_DESC is 31 chars (target 60-80). | BRAND_NAME empty — needs manufacturer-source enrichment. | Classpath unresolved — needs classification review. | No attributes extracted — description too sparse or needs enrichment.
IBMG90K003,False,0.19,True,False,0,Product type/classpath unresolved by rules — needs AI classification or review. | Brand unresolved from input — needs manufacturer-source enrichment. | MOBILE_DESC is 32 chars (target 60-80). | BRAND_NAME empty — needs manufacturer-source enrichment. | Classpath unresolved — needs classification review. | No attributes extracted — description too sparse or needs enrichment.
IBPH250P15T,False,0.19,True,False,0,Product type/classpath unresolved by rules — needs AI classification or review. | Brand unresolved from input — needs manufacturer-source enrichment. | MOBILE_DESC is 33 chars (target 60-80). | BRAND_NAME empty — needs manufacturer-source enrichment. | Classpath unresolved — needs classification review. | No attributes extracted — description too sparse or needs enrichment.
DPH12B,False,0.19,True,False,0,Product type/classpath unresolved by rules — needs AI classification or review. | Brand unresolved from input — needs manufacturer-source enrichment. | MOBILE_DESC is 17 chars (target 60-80). | BRAND_NAME empty — needs manufacturer-source enrichment. | Classpath unresolved — needs classification review. | No attributes extracted — description too sparse or needs enrichment.
DPH135B,False,0.19,True,False,0,Product type/classpath unresolved by rules — needs AI classification or review. | Brand unresolved from input — needs manufacturer-source enrichment. | MOBILE_DESC is 18 chars (target 60-80). | BRAND_NAME empty — needs manufacturer-source enrichment. | Classpath unresolved — needs classification review. | No attributes extracted — description too sparse or needs enrichment.
DPH21B,False,0.19,True,False,0,Product type/classpath unresolved by rules — needs AI classification or review. | Brand unresolved from input — needs manufacturer-source enrichment. | MOBILE_DESC is 17 chars (target 60-80). | BRAND_NAME empty — needs manufacturer-source enrichment. | Classpath unresolved — needs classification review. | No attributes extracted — description too sparse or needs enrichment.
DPH22B,False,0.19,True,False,0,Product type/classpath unresolved by rules — needs AI classification or review. | Brand unresolved from input — needs manufacturer-source enrichment. | MOBILE_DESC is 17 chars (target 60-80). | BRAND_NAME empty — needs manufacturer-source enrichment. | Classpath unresolved — needs classification review. | No attributes extracted — description too sparse or needs enrichment.
DPH235B,False,0.19,True,False,0,Product type/classpath unresolved by rules — needs AI classification or review. | Brand unresolved from input — needs manufacturer-source enrichment. | MOBILE_DESC is 18 chars (target 60-80). | BRAND_NAME empty — needs manufacturer-source enrichment. | Classpath unresolved — needs classification review. | No attributes extracted — description too sparse or needs enrichment.
DPH26B,False,0.19,True,False,0,Product type/classpath unresolved by rules — needs AI classification or review. | Brand unresolved from input — needs manufacturer-source enrichment. | MOBILE_DESC is 17 chars (target 60-80). | BRAND_NAME empty — needs manufacturer-source enrichment. | Classpath unresolved — needs classification review. | No attributes extracted — description too sparse or needs enrichment.
DPH2R1B,False,0.19,True,False,0,Product type/classpath unresolved by rules — needs AI classification or review. | Brand unresolved from input — needs manufacturer-source enrichment. | MOBILE_DESC is 18 chars (target 60-80). | BRAND_NAME empty — needs manufacturer-source enrichment. | Classpath unresolved — needs classification review. | No attributes extracted — description too sparse or needs enrichment.
DPH31B,False,0.19,True,False,0,Product type/classpath unresolved by rules — needs AI classification or review. | Brand unresolved from input — needs manufacturer-source enrichment. | MOBILE_DESC is 17 chars (target 60-80). | BRAND_NAME empty — needs manufacturer-source enrichment. | Classpath unresolved — needs classification review. | No attributes extracted — description too sparse or needs enrichment.
DPH32B,False,0.19,True,False,0,Product type/classpath unresolved by rules — needs AI classification or review. | Brand unresolved from input — needs manufacturer-source enrichment. | MOBILE_DESC is 17 chars (target 60-80). | BRAND_NAME empty — needs manufacturer-source enrichment. | Classpath unresolved — needs classification review. | No attributes extracted — description too sparse or needs enrichment.
DPH335B,False,0.19,True,False,0,Product type/classpath unresolved by rules — needs AI classification or review. | Brand unresolved from input — needs manufacturer-source enrichment. | MOBILE_DESC is 18 chars (target 60-80). | BRAND_NAME empty — needs manufacturer-source enrichment. | Classpath unresolved — needs classification review. | No attributes extracted — description too sparse or needs enrichment.
DSQ12B,False,0.19,True,False,0,Product type/classpath unresolved by rules — needs AI classification or review. | Brand unresolved from input — needs manufacturer-source enrichment. | MOBILE_DESC is 17 chars (target 60-80). | BRAND_NAME empty — needs manufacturer-source enrichment. | Classpath unresolved — needs classification review. | No attributes extracted — description too sparse or needs enrichment.
DSQ22B,False,0.19,True,False,0,Product type/classpath unresolved by rules — needs AI classification or review. | Brand unresolved from input — needs manufacturer-source enrichment. | MOBILE_DESC is 17 chars (target 60-80). | BRAND_NAME empty — needs manufacturer-source enrichment. | Classpath unresolved — needs classification review. | No attributes extracted — description too sparse or needs enrichment.
DSQ26B,False,0.19,True,False,0,Product type/classpath unresolved by rules — needs AI classification or review. | Brand unresolved from input — needs manufacturer-source enrichment. | MOBILE_DESC is 17 chars (target 60-80). | BRAND_NAME empty — needs manufacturer-source enrichment. | Classpath unresolved — needs classification review. | No attributes extracted — description too sparse or needs enrichment.
DSQ32B,False,0.19,True,False,0,Product type/classpath unresolved by rules — needs AI classification or review. | Brand unresolved from input — needs manufacturer-source enrichment. | MOBILE_DESC is 17 chars (target 60-80). | BRAND_NAME empty — needs manufacturer-source enrichment. | Classpath unresolved — needs classification review. | No attributes extracted — description too sparse or needs enrichment.
DT102B,False,0.19,True,False,0,Product type/classpath unresolved by rules — needs AI classification or review. | Brand unresolved from input — needs manufacturer-source enrichment. | MOBILE_DESC is 17 chars (target 60-80). | BRAND_NAME empty — needs manufacturer-source enrichment. | Classpath unresolved — needs classification review. | No attributes extracted — description too sparse or needs enrichment.
DT152B,False,0.19,True,False,0,Product type/classpath unresolved by rules — needs AI classification or review. | Brand unresolved from input — needs manufacturer-source enrichment. | MOBILE_DESC is 17 chars (target 60-80). | BRAND_NAME empty — needs manufacturer-source enrichment. | Classpath unresolved — needs classification review. | No attributes extracted — description too sparse or needs enrichment.
DT1535B,False,0.19,True,False,0,Product type/classpath unresolved by rules — needs AI classification or review. | Brand unresolved from input — needs manufacturer-source enrichment. | MOBILE_DESC is 18 chars (target 60-80). | BRAND_NAME empty — needs manufacturer-source enrichment. | Classpath unresolved — needs classification review. | No attributes extracted — description too sparse or needs enrichment.
DT202B,False,0.19,True,False,0,Product type/classpath unresolved by rules — needs AI classification or review. | Brand unresolved from input — needs manufacturer-source enrichment. | MOBILE_DESC is 17 chars (target 60-80). | BRAND_NAME empty — needs manufacturer-source enrichment. | Classpath unresolved — needs classification review. | No attributes extracted — description too sparse or needs enrichment.
DT2035B,False,0.19,True,False,0,Product type/classpath unresolved by rules — needs AI classification or review. | Brand unresolved from input — needs manufacturer-source enrichment. | MOBILE_DESC is 18 chars (target 60-80). | BRAND_NAME empty — needs manufacturer-source enrichment. | Classpath unresolved — needs classification review. | No attributes extracted — description too sparse or needs enrichment.
DT206B,False,0.19,True,False,0,Product type/classpath unresolved by rules — needs AI classification or review. | Brand unresolved from input — needs manufacturer-source enrichment. | MOBILE_DESC is 17 chars (target 60-80). | BRAND_NAME empty — needs manufacturer-source enrichment. | Classpath unresolved — needs classification review. | No attributes extracted — description too sparse or needs enrichment.
DT252B,False,0.19,True,False,0,Product type/classpath unresolved by rules — needs AI classification or review. | Brand unresolved from input — needs manufacturer-source enrichment. | MOBILE_DESC is 17 chars (target 60-80). | BRAND_NAME empty — needs manufacturer-source enrichment. | Classpath unresolved — needs classification review. | No attributes extracted — description too sparse or needs enrichment.
DT2535B,False,0.19,True,False,0,Product type/classpath unresolved by rules — needs AI classification or review. | Brand unresolved from input — needs manufacturer-source enrichment. | MOBILE_DESC is 18 chars (target 60-80). | BRAND_NAME empty — needs manufacturer-source enrichment. | Classpath unresolved — needs classification review. | No attributes extracted — description too sparse or needs enrichment.
DT256B,False,0.19,True,False,0,Product type/classpath unresolved by rules — needs AI classification or review. | Brand unresolved from input — needs manufacturer-source enrichment. | MOBILE_DESC is 17 chars (target 60-80). | BRAND_NAME empty — needs manufacturer-source enrichment. | Classpath unresolved — needs classification review. | No attributes extracted — description too sparse or needs enrichment.
DT302B,False,0.19,True,False,0,Product type/classpath unresolved by rules — needs AI classification or review. | Brand unresolved from input — needs manufacturer-source enrichment. | MOBILE_DESC is 17 chars (target 60-80). | BRAND_NAME empty — needs manufacturer-source enrichment. | Classpath unresolved — needs classification review. | No attributes extracted — description too sparse or needs enrichment.
DT402B,False,0.19,True,False,0,Product type/classpath unresolved by rules — needs AI classification or review. | Brand unresolved from input — needs manufacturer-source enrichment. | MOBILE_DESC is 17 chars (target 60-80). | BRAND_NAME empty — needs manufacturer-source enrichment. | Classpath unresolved — needs classification review. | No attributes extracted — description too sparse or needs enrichment.
DDWSSB,False,0.19,True,False,0,Product type/classpath unresolved by rules — needs AI classification or review. | Brand unresolved from input — needs manufacturer-source enrichment. | MOBILE_DESC is 17 chars (target 60-80). | BRAND_NAME empty — needs manufacturer-source enrichment. | Classpath unresolved — needs classification review. | No attributes extracted — description too sparse or needs enrichment.
191V02-0,False,0.36,True,False,0,Product type/classpath unresolved by rules — needs AI classification or review. | MOBILE_DESC is 25 chars (target 60-80). | Classpath unresolved — needs classification review. | No attributes extracted — description too sparse or needs enrichment.
XTS02Z,False,0.44,True,False,1,Product type/classpath unresolved by rules — needs AI classification or review. | MOBILE_DESC is 22 chars (target 60-80). | Classpath unresolved — needs classification review.
DCF809D1,False,0.44,True,False,1,Product type/classpath unresolved by rules — needs AI classification or review. | MOBILE_DESC is 30 chars (target 60-80). | Classpath unresolved — needs classification review.
2761-20,False,0.19,True,False,0,Product type/classpath unresolved by rules — needs AI classification or review. | Brand unresolved from input — needs manufacturer-source enrichment. | MOBILE_DESC is 28 chars (target 60-80). | BRAND_NAME empty — needs manufacturer-source enrichment. | Classpath unresolved — needs classification review. | No attributes extracted — description too sparse or needs enrichment.
2761-22,False,0.19,True,False,0,Product type/classpath unresolved by rules — needs AI classification or review. | Brand unresolved from input — needs manufacturer-source enrichment. | MOBILE_DESC is 28 chars (target 60-80). | BRAND_NAME empty — needs manufacturer-source enrichment. | Classpath unresolved — needs classification review. | No attributes extracted — description too sparse or needs enrichment.
3450-20,False,0.19,True,False,0,Product type/classpath unresolved by rules — needs AI classification or review. | Brand unresolved from input — needs manufacturer-source enrichment. | MOBILE_DESC is 28 chars (target 60-80). | BRAND_NAME empty — needs manufacturer-source enrichment. | Classpath unresolved — needs classification review. | No attributes extracted — description too sparse or needs enrichment.
KPTDV025A,False,0.27,True,False,1,Product type/classpath unresolved by rules — needs AI classification or review. | Brand unresolved from input — needs manufacturer-source enrichment. | MOBILE_DESC is 28 chars (target 60-80). | BRAND_NAME empty — needs manufacturer-source enrichment. | Classpath unresolved — needs classification review.
3048-20,False,0.19,True,False,0,Product type/classpath unresolved by rules — needs AI classification or review. | Brand unresolved from input — needs manufacturer-source enrichment. | MOBILE_DESC is 28 chars (target 60-80). | BRAND_NAME empty — needs manufacturer-source enrichment. | Classpath unresolved — needs classification review. | No attributes extracted — description too sparse or needs enrichment.
3049-20,False,0.19,True,False,0,Product type/classpath unresolved by rules — needs AI classification or review. | Brand unresolved from input — needs manufacturer-source enrichment. | MOBILE_DESC is 28 chars (target 60-80). | BRAND_NAME empty — needs manufacturer-source enrichment. | Classpath unresolved — needs classification review. | No attributes extracted — description too sparse or needs enrichment.
2563-20,False,0.19,True,False,0,Product type/classpath unresolved by rules — needs AI classification or review. | Brand unresolved from input — needs manufacturer-source enrichment. | MOBILE_DESC is 28 chars (target 60-80). | BRAND_NAME empty — needs manufacturer-source enrichment. | Classpath unresolved — needs classification review. | No attributes extracted — description too sparse or needs enrichment.
DCF961B,False,0.44,True,False,1,Product type/classpath unresolved by rules — needs AI classification or review. | MOBILE_DESC is 29 chars (target 60-80). | Classpath unresolved — needs classification review.
DCF964B,False,0.44,True,False,1,Product type/classpath unresolved by rules — needs AI classification or review. | MOBILE_DESC is 29 chars (target 60-80). | Classpath unresolved — needs classification review.
2563P-20,False,0.19,True,False,0,Product type/classpath unresolved by rules — needs AI classification or review. | Brand unresolved from input — needs manufacturer-source enrichment. | MOBILE_DESC is 29 chars (target 60-80). | BRAND_NAME empty — needs manufacturer-source enrichment. | Classpath unresolved — needs classification review. | No attributes extracted — description too sparse or needs enrichment.
DCF921P2,False,0.44,True,False,1,Product type/classpath unresolved by rules — needs AI classification or review. | MOBILE_DESC is 30 chars (target 60-80). | Classpath unresolved — needs classification review.
XLT03Z,False,0.44,True,False,1,Product type/classpath unresolved by rules — needs AI classification or review. | MOBILE_DESC is 22 chars (target 60-80). | Classpath unresolved — needs classification review.
XLT04Z,False,0.44,True,False,1,Product type/classpath unresolved by rules — needs AI classification or review. | MOBILE_DESC is 22 chars (target 60-80). | Classpath unresolved — needs classification review.
XLT05Z,False,0.44,True,False,1,Product type/classpath unresolved by rules — needs AI classification or review. | MOBILE_DESC is 22 chars (target 60-80). | Classpath unresolved — needs classification review.
DCF510B,False,0.44,True,False,1,Product type/classpath unresolved by rules — needs AI classification or review. | MOBILE_DESC is 29 chars (target 60-80). | Classpath unresolved — needs classification review.
3052-20,False,0.19,True,False,0,Product type/classpath unresolved by rules — needs AI classification or review. | Brand unresolved from input — needs manufacturer-source enrichment. | MOBILE_DESC is 28 chars (target 60-80). | BRAND_NAME empty — needs manufacturer-source enrichment. | Classpath unresolved — needs classification review. | No attributes extracted — description too sparse or needs enrichment.
3054-20,False,0.19,True,False,0,Product type/classpath unresolved by rules — needs AI classification or review. | Brand unresolved from input — needs manufacturer-source enrichment. | MOBILE_DESC is 28 chars (target 60-80). | BRAND_NAME empty — needs manufacturer-source enrichment. | Classpath unresolved — needs classification review. | No attributes extracted — description too sparse or needs enrichment.
DCF513EB,False,0.36,True,False,0,Product type/classpath unresolved by rules — needs AI classification or review. | MOBILE_DESC is 30 chars (target 60-80). | Classpath unresolved — needs classification review. | No attributes extracted — description too sparse or needs enrichment.
XVP01Z,False,0.44,True,False,1,Product type/classpath unresolved by rules — needs AI classification or review. | MOBILE_DESC is 22 chars (target 60-80). | Classpath unresolved — needs classification review.
DCM200B,False,0.44,True,False,1,Product type/classpath unresolved by rules — needs AI classification or review. | MOBILE_DESC is 29 chars (target 60-80). | Classpath unresolved — needs classification review.
DCG410B,False,0.44,True,False,1,Product type/classpath unresolved by rules — needs AI classification or review. | MOBILE_DESC is 29 chars (target 60-80). | Classpath unresolved — needs classification review.
DCG460B,False,0.44,True,False,1,Product type/classpath unresolved by rules — needs AI classification or review. | MOBILE_DESC is 29 chars (target 60-80). | Classpath unresolved — needs classification review.
DCG402B,False,0.44,True,False,1,Product type/classpath unresolved by rules — needs AI classification or review. | MOBILE_DESC is 29 chars (target 60-80). | Classpath unresolved — needs classification review.
3485-20,False,0.19,True,False,0,Product type/classpath unresolved by rules — needs AI classification or review. | Brand unresolved from input — needs manufacturer-source enrichment. | MOBILE_DESC is 28 chars (target 60-80). | BRAND_NAME empty — needs manufacturer-source enrichment. | Classpath unresolved — needs classification review. | No attributes extracted — description too sparse or needs enrichment.
DCG420B,False,0.44,True,False,1,Product type/classpath unresolved by rules — needs AI classification or review. | MOBILE_DESC is 29 chars (target 60-80). | Classpath unresolved — needs classification review.
DCG422B,False,0.44,True,False,1,Product type/classpath unresolved by rules — needs AI classification or review. | MOBILE_DESC is 29 chars (target 60-80). | Classpath unresolved — needs classification review.
924422,False,0.17,True,False,1,Product type/classpath unresolved by rules — needs AI classification or review. | Brand unresolved from input — needs manufacturer-source enrichment. | MOBILE_DESC is 6 chars (target 60-80). | BRAND_NAME empty — needs manufacturer-source enrichment. | Classpath unresolved — needs classification review.
DCW620B,False,0.44,True,False,1,Product type/classpath unresolved by rules — needs AI classification or review. | MOBILE_DESC is 29 chars (target 60-80). | Classpath unresolved — needs classification review.
2535-20,False,0.19,True,False,0,Product type/classpath unresolved by rules — needs AI classification or review. | Brand unresolved from input — needs manufacturer-source enrichment. | MOBILE_DESC is 28 chars (target 60-80). | BRAND_NAME empty — needs manufacturer-source enrichment. | Classpath unresolved — needs classification review. | No attributes extracted — description too sparse or needs enrichment.
2837-20,False,0.19,True,False,0,Product type/classpath unresolved by rules — needs AI classification or review. | Brand unresolved from input — needs manufacturer-source enrichment. | MOBILE_DESC is 28 chars (target 60-80). | BRAND_NAME empty — needs manufacturer-source enrichment. | Classpath unresolved — needs classification review. | No attributes extracted — description too sparse or needs enrichment.
577728,False,0.19,True,False,0,Product type/classpath unresolved by rules — needs AI classification or review. | Brand unresolved from input — needs manufacturer-source enrichment. | MOBILE_DESC is 19 chars (target 60-80). | BRAND_NAME empty — needs manufacturer-source enrichment. | Classpath unresolved — needs classification review. | No attributes extracted — description too sparse or needs enrichment.
577738,False,0.19,True,False,0,Product type/classpath unresolved by rules — needs AI classification or review. | Brand unresolved from input — needs manufacturer-source enrichment. | MOBILE_DESC is 19 chars (target 60-80). | BRAND_NAME empty — needs manufacturer-source enrichment. | Classpath unresolved — needs classification review. | No attributes extracted — description too sparse or needs enrichment.
KPTRS500A,False,0.27,True,False,1,Product type/classpath unresolved by rules — needs AI classification or review. | Brand unresolved from input — needs manufacturer-source enrichment. | MOBILE_DESC is 29 chars (target 60-80). | BRAND_NAME empty — needs manufacturer-source enrichment. | Classpath unresolved — needs classification review.
24-35M-320,False,0.19,True,False,0,Product type/classpath unresolved by rules — needs AI classification or review. | Brand unresolved from input — needs manufacturer-source enrichment. | MOBILE_DESC is 32 chars (target 60-80). | BRAND_NAME empty — needs manufacturer-source enrichment. | Classpath unresolved — needs classification review. | No attributes extracted — description too sparse or needs enrichment.
9A-129-120,False,0.27,True,False,1,Product type/classpath unresolved by rules — needs AI classification or review. | Brand unresolved from input — needs manufacturer-source enrichment. | MOBILE_DESC is 32 chars (target 60-80). | BRAND_NAME empty — needs manufacturer-source enrichment. | Classpath unresolved — needs classification review.
578800,False,0.19,True,False,0,Product type/classpath unresolved by rules — needs AI classification or review. | Brand unresolved from input — needs manufacturer-source enrichment. | MOBILE_DESC is 19 chars (target 60-80). | BRAND_NAME empty — needs manufacturer-source enrichment. | Classpath unresolved — needs classification review. | No attributes extracted — description too sparse or needs enrichment.
578801,False,0.19,True,False,0,Product type/classpath unresolved by rules — needs AI classification or review. | Brand unresolved from input — needs manufacturer-source enrichment. | MOBILE_DESC is 19 chars (target 60-80). | BRAND_NAME empty — needs manufacturer-source enrichment. | Classpath unresolved — needs classification review. | No attributes extracted — description too sparse or needs enrichment.
578802,False,0.19,True,False,0,Product type/classpath unresolved by rules — needs AI classification or review. | Brand unresolved from input — needs manufacturer-source enrichment. | MOBILE_DESC is 19 chars (target 60-80). | BRAND_NAME empty — needs manufacturer-source enrichment. | Classpath unresolved — needs classification review. | No attributes extracted — description too sparse or needs enrichment.
578808,False,0.19,True,False,0,Product type/classpath unresolved by rules — needs AI classification or review. | Brand unresolved from input — needs manufacturer-source enrichment. | MOBILE_DESC is 19 chars (target 60-80). | BRAND_NAME empty — needs manufacturer-source enrichment. | Classpath unresolved — needs classification review. | No attributes extracted — description too sparse or needs enrichment.
578809,False,0.19,True,False,0,Product type/classpath unresolved by rules — needs AI classification or review. | Brand unresolved from input — needs manufacturer-source enrichment. | MOBILE_DESC is 19 chars (target 60-80). | BRAND_NAME empty — needs manufacturer-source enrichment. | Classpath unresolved — needs classification review. | No attributes extracted — description too sparse or needs enrichment.
578810,False,0.19,True,False,0,Product type/classpath unresolved by rules — needs AI classification or review. | Brand unresolved from input — needs manufacturer-source enrichment. | MOBILE_DESC is 19 chars (target 60-80). | BRAND_NAME empty — needs manufacturer-source enrichment. | Classpath unresolved — needs classification review. | No attributes extracted — description too sparse or needs enrichment.
578811,False,0.19,True,False,0,Product type/classpath unresolved by rules — needs AI classification or review. | Brand unresolved from input — needs manufacturer-source enrichment. | MOBILE_DESC is 19 chars (target 60-80). | BRAND_NAME empty — needs manufacturer-source enrichment. | Classpath unresolved — needs classification review. | No attributes extracted — description too sparse or needs enrichment.
578192,False,0.19,True,False,0,Product type/classpath unresolved by rules — needs AI classification or review. | Brand unresolved from input — needs manufacturer-source enrichment. | MOBILE_DESC is 19 chars (target 60-80). | BRAND_NAME empty — needs manufacturer-source enrichment. | Classpath unresolved — needs classification review. | No attributes extracted — description too sparse or needs enrichment.
578806,False,0.19,True,False,0,Product type/classpath unresolved by rules — needs AI classification or review. | Brand unresolved from input — needs manufacturer-source enrichment. | MOBILE_DESC is 19 chars (target 60-80). | BRAND_NAME empty — needs manufacturer-source enrichment. | Classpath unresolved — needs classification review. | No attributes extracted — description too sparse or needs enrichment.
D0860X,False,0.53,True,False,0,MOBILE_DESC is 28 chars (target 60-80). | No attributes extracted — description too sparse or needs enrichment.
48-40-0740,False,0.44,True,False,1,Brand unresolved from input — needs manufacturer-source enrichment. | MOBILE_DESC is 42 chars (target 60-80). | BRAND_NAME empty — needs manufacturer-source enrichment.
48-41-0740,False,0.19,True,False,0,Product type/classpath unresolved by rules — needs AI classification or review. | Brand unresolved from input — needs manufacturer-source enrichment. | MOBILE_DESC is 31 chars (target 60-80). | BRAND_NAME empty — needs manufacturer-source enrichment. | Classpath unresolved — needs classification review. | No attributes extracted — description too sparse or needs enrichment.
A-96095,False,0.53,True,False,0,MOBILE_DESC is 34 chars (target 60-80). | No attributes extracted — description too sparse or needs enrichment.
D0760UX,False,0.53,True,False,0,MOBILE_DESC is 29 chars (target 60-80). | No attributes extracted — description too sparse or needs enrichment.
230.312.08,False,0.19,True,False,0,Product type/classpath unresolved by rules — needs AI classification or review. | Brand unresolved from input — needs manufacturer-source enrichment. | MOBILE_DESC is 23 chars (target 60-80). | BRAND_NAME empty — needs manufacturer-source enrichment. | Classpath unresolved — needs classification review. | No attributes extracted — description too sparse or needs enrichment.
D0708LF,False,0.44,True,False,1,Brand unresolved from input — needs manufacturer-source enrichment. | MOBILE_DESC is 29 chars (target 60-80). | BRAND_NAME empty — needs manufacturer-source enrichment.
D1012LF,False,0.44,True,False,1,Brand unresolved from input — needs manufacturer-source enrichment. | MOBILE_DESC is 29 chars (target 60-80). | BRAND_NAME empty — needs manufacturer-source enrichment.
D1216LF,False,0.44,True,False,1,Brand unresolved from input — needs manufacturer-source enrichment. | MOBILE_DESC is 29 chars (target 60-80). | BRAND_NAME empty — needs manufacturer-source enrichment.
DWA47421,False,0.36,True,False,0,Product type/classpath unresolved by rules — needs AI classification or review. | MOBILE_DESC is 30 chars (target 60-80). | Classpath unresolved — needs classification review. | No attributes extracted — description too sparse or needs enrichment.
DWA4769,False,0.36,True,False,0,Product type/classpath unresolved by rules — needs AI classification or review. | MOBILE_DESC is 29 chars (target 60-80). | Classpath unresolved — needs classification review. | No attributes extracted — description too sparse or needs enrichment.
49-93-9204,False,0.19,True,False,0,Product type/classpath unresolved by rules — needs AI classification or review. | Brand unresolved from input — needs manufacturer-source enrichment. | MOBILE_DESC is 31 chars (target 60-80). | BRAND_NAME empty — needs manufacturer-source enrichment. | Classpath unresolved — needs classification review. | No attributes extracted — description too sparse or needs enrichment.
49-93-9207,False,0.19,True,False,0,Product type/classpath unresolved by rules — needs AI classification or review. | Brand unresolved from input — needs manufacturer-source enrichment. | MOBILE_DESC is 31 chars (target 60-80). | BRAND_NAME empty — needs manufacturer-source enrichment. | Classpath unresolved — needs classification review. | No attributes extracted — description too sparse or needs enrichment.
49-93-9210,False,0.19,True,False,0,Product type/classpath unresolved by rules — needs AI classification or review. | Brand unresolved from input — needs manufacturer-source enrichment. | MOBILE_DESC is 31 chars (target 60-80). | BRAND_NAME empty — needs manufacturer-source enrichment. | Classpath unresolved — needs classification review. | No attributes extracted — description too sparse or needs enrichment.
49-93-9202,False,0.19,True,False,0,Product type/classpath unresolved by rules — needs AI classification or review. | Brand unresolved from input — needs manufacturer-source enrichment. | MOBILE_DESC is 31 chars (target 60-80). | BRAND_NAME empty — needs manufacturer-source enrichment. | Classpath unresolved — needs classification review. | No attributes extracted — description too sparse or needs enrichment.
49-93-9205,False,0.19,True,False,0,Product type/classpath unresolved by rules — needs AI classification or review. | Brand unresolved from input — needs manufacturer-source enrichment. | MOBILE_DESC is 31 chars (target 60-80). | BRAND_NAME empty — needs manufacturer-source enrichment. | Classpath unresolved — needs classification review. | No attributes extracted — description too sparse or needs enrichment.
49-22-4702,False,0.19,True,False,0,Product type/classpath unresolved by rules — needs AI classification or review. | Brand unresolved from input — needs manufacturer-source enrichment. | MOBILE_DESC is 31 chars (target 60-80). | BRAND_NAME empty — needs manufacturer-source enrichment. | Classpath unresolved — needs classification review. | No attributes extracted — description too sparse or needs enrichment.
DJT155HHM,False,0.53,True,False,0,MOBILE_DESC is 31 chars (target 60-80). | No attributes extracted — description too sparse or needs enrichment.
790.82,False,0.19,True,False,0,Product type/classpath unresolved by rules — needs AI classification or review. | Brand unresolved from input — needs manufacturer-source enrichment. | MOBILE_DESC is 19 chars (target 60-80). | BRAND_NAME empty — needs manufacturer-source enrichment. | Classpath unresolved — needs classification review. | No attributes extracted — description too sparse or needs enrichment.
794.321,False,0.19,True,False,0,Product type/classpath unresolved by rules — needs AI classification or review. | Brand unresolved from input — needs manufacturer-source enrichment. | MOBILE_DESC is 20 chars (target 60-80). | BRAND_NAME empty — needs manufacturer-source enrichment. | Classpath unresolved — needs classification review. | No attributes extracted — description too sparse or needs enrichment.
49-22-5641,False,0.19,True,False,0,Product type/classpath unresolved by rules — needs AI classification or review. | Brand unresolved from input — needs manufacturer-source enrichment. | MOBILE_DESC is 31 chars (target 60-80). | BRAND_NAME empty — needs manufacturer-source enrichment. | Classpath unresolved — needs classification review. | No attributes extracted — description too sparse or needs enrichment.
D0604TSH,False,0.53,True,False,0,MOBILE_DESC is 30 chars (target 60-80). | No attributes extracted — description too sparse or needs enrichment.
D0620TSR,False,0.61,False,False,1,MOBILE_DESC is 30 chars (target 60-80).
D0648TSF,False,0.61,False,False,1,MOBILE_DESC is 30 chars (target 60-80).
D0652TSL,False,0.61,False,False,1,MOBILE_DESC is 30 chars (target 60-80).
JT1-549,False,0.27,True,False,1,Product type/classpath unresolved by rules — needs AI classification or review. | Brand unresolved from input — needs manufacturer-source enrichment. | MOBILE_DESC is 23 chars (target 60-80). | BRAND_NAME empty — needs manufacturer-source enrichment. | Classpath unresolved — needs classification review.
JT1-1371,False,0.19,True,False,0,Product type/classpath unresolved by rules — needs AI classification or review. | Brand unresolved from input — needs manufacturer-source enrichment. | MOBILE_DESC is 24 chars (target 60-80). | BRAND_NAME empty — needs manufacturer-source enrichment. | Classpath unresolved — needs classification review. | No attributes extracted — description too sparse or needs enrichment.
JT9-714400K,False,0.19,True,False,0,Product type/classpath unresolved by rules — needs AI classification or review. | Brand unresolved from input — needs manufacturer-source enrichment. | MOBILE_DESC is 27 chars (target 60-80). | BRAND_NAME empty — needs manufacturer-source enrichment. | Classpath unresolved — needs classification review. | No attributes extracted — description too sparse or needs enrichment.
2834-21HD,False,0.19,True,False,0,Product type/classpath unresolved by rules — needs AI classification or review. | Brand unresolved from input — needs manufacturer-source enrichment. | MOBILE_DESC is 30 chars (target 60-80). | BRAND_NAME empty — needs manufacturer-source enrichment. | Classpath unresolved — needs classification review. | No attributes extracted — description too sparse or needs enrichment.
DCS383B,False,0.44,True,False,1,Product type/classpath unresolved by rules — needs AI classification or review. | MOBILE_DESC is 29 chars (target 60-80). | Classpath unresolved — needs classification review.
DCS590B,False,0.44,True,False,1,Product type/classpath unresolved by rules — needs AI classification or review. | MOBILE_DESC is 29 chars (target 60-80). | Classpath unresolved — needs classification review.
KPTCS725A,False,0.27,True,False,1,Product type/classpath unresolved by rules — needs AI classification or review. | Brand unresolved from input — needs manufacturer-source enrichment. | MOBILE_DESC is 29 chars (target 60-80). | BRAND_NAME empty — needs manufacturer-source enrichment. | Classpath unresolved — needs classification review.
KPTCS450A,False,0.27,True,False,1,Product type/classpath unresolved by rules — needs AI classification or review. | Brand unresolved from input — needs manufacturer-source enrichment. | MOBILE_DESC is 29 chars (target 60-80). | BRAND_NAME empty — needs manufacturer-source enrichment. | Classpath unresolved — needs classification review.
2545-20,False,0.19,True,False,0,Product type/classpath unresolved by rules — needs AI classification or review. | Brand unresolved from input — needs manufacturer-source enrichment. | MOBILE_DESC is 28 chars (target 60-80). | BRAND_NAME empty — needs manufacturer-source enrichment. | Classpath unresolved — needs classification review. | No attributes extracted — description too sparse or needs enrichment.
KPTJS100A,False,0.27,True,False,1,Product type/classpath unresolved by rules — needs AI classification or review. | Brand unresolved from input — needs manufacturer-source enrichment. | MOBILE_DESC is 29 chars (target 60-80). | BRAND_NAME empty — needs manufacturer-source enrichment. | Classpath unresolved — needs classification review.
DCS714B,False,0.44,True,False,1,Product type/classpath unresolved by rules — needs AI classification or review. | MOBILE_DESC is 29 chars (target 60-80). | Classpath unresolved — needs classification review.
DCS785B,False,0.44,True,False,1,Product type/classpath unresolved by rules — needs AI classification or review. | MOBILE_DESC is 29 chars (target 60-80). | Classpath unresolved — needs classification review.
GSL02M1,False,0.44,True,False,1,Product type/classpath unresolved by rules — needs AI classification or review. | MOBILE_DESC is 23 chars (target 60-80). | Classpath unresolved — needs classification review.
DW7029,False,0.36,True,False,0,Product type/classpath unresolved by rules — needs AI classification or review. | MOBILE_DESC is 28 chars (target 60-80). | Classpath unresolved — needs classification review. | No attributes extracted — description too sparse or needs enrichment.
DCS384B,False,0.44,True,False,1,Product type/classpath unresolved by rules — needs AI classification or review. | MOBILE_DESC is 29 chars (target 60-80). | Classpath unresolved — needs classification review.
XRJ08Z,False,0.44,True,False,1,Product type/classpath unresolved by rules — needs AI classification or review. | MOBILE_DESC is 22 chars (target 60-80). | Classpath unresolved — needs classification review.
G0771Z,False,0.19,True,False,0,Product type/classpath unresolved by rules — needs AI classification or review. | Brand unresolved from input — needs manufacturer-source enrichment. | MOBILE_DESC is 22 chars (target 60-80). | BRAND_NAME empty — needs manufacturer-source enrichment. | Classpath unresolved — needs classification review. | No attributes extracted — description too sparse or needs enrichment.
TS1017,False,0.19,True,False,0,Product type/classpath unresolved by rules — needs AI classification or review. | Brand unresolved from input — needs manufacturer-source enrichment. | MOBILE_DESC is 28 chars (target 60-80). | BRAND_NAME empty — needs manufacturer-source enrichment. | Classpath unresolved — needs classification review. | No attributes extracted — description too sparse or needs enrichment.
XT524,False,0.19,True,False,0,Product type/classpath unresolved by rules — needs AI classification or review. | Brand unresolved from input — needs manufacturer-source enrichment. | MOBILE_DESC is 19 chars (target 60-80). | BRAND_NAME empty — needs manufacturer-source enrichment. | Classpath unresolved — needs classification review. | No attributes extracted — description too sparse or needs enrichment.
XT536,False,0.19,True,False,0,Product type/classpath unresolved by rules — needs AI classification or review. | Brand unresolved from input — needs manufacturer-source enrichment. | MOBILE_DESC is 19 chars (target 60-80). | BRAND_NAME empty — needs manufacturer-source enrichment. | Classpath unresolved — needs classification review. | No attributes extracted — description too sparse or needs enrichment.
XT546,False,0.19,True,False,0,Product type/classpath unresolved by rules — needs AI classification or review. | Brand unresolved from input — needs manufacturer-source enrichment. | MOBILE_DESC is 19 chars (target 60-80). | BRAND_NAME empty — needs manufacturer-source enrichment. | Classpath unresolved — needs classification review. | No attributes extracted — description too sparse or needs enrichment.
XTP235,False,0.19,True,False,0,Product type/classpath unresolved by rules — needs AI classification or review. | Brand unresolved from input — needs manufacturer-source enrichment. | MOBILE_DESC is 20 chars (target 60-80). | BRAND_NAME empty — needs manufacturer-source enrichment. | Classpath unresolved — needs classification review. | No attributes extracted — description too sparse or needs enrichment.
TGP2-FA,False,0.19,True,False,0,Product type/classpath unresolved by rules — needs AI classification or review. | Brand unresolved from input — needs manufacturer-source enrichment. | MOBILE_DESC is 21 chars (target 60-80). | BRAND_NAME empty — needs manufacturer-source enrichment. | Classpath unresolved — needs classification review. | No attributes extracted — description too sparse or needs enrichment.
ATGI-FA,False,0.19,True,False,0,Product type/classpath unresolved by rules — needs AI classification or review. | Brand unresolved from input — needs manufacturer-source enrichment. | MOBILE_DESC is 21 chars (target 60-80). | BRAND_NAME empty — needs manufacturer-source enrichment. | Classpath unresolved — needs classification review. | No attributes extracted — description too sparse or needs enrichment.
ATGP-FA,False,0.19,True,False,0,Product type/classpath unresolved by rules — needs AI classification or review. | Brand unresolved from input — needs manufacturer-source enrichment. | MOBILE_DESC is 21 chars (target 60-80). | BRAND_NAME empty — needs manufacturer-source enrichment. | Classpath unresolved — needs classification review. | No attributes extracted — description too sparse or needs enrichment.
TGI2-FA,False,0.19,True,False,0,Product type/classpath unresolved by rules — needs AI classification or review. | Brand unresolved from input — needs manufacturer-source enrichment. | MOBILE_DESC is 21 chars (target 60-80). | BRAND_NAME empty — needs manufacturer-source enrichment. | Classpath unresolved — needs classification review. | No attributes extracted — description too sparse or needs enrichment.
TGI2-T36A,False,0.27,True,False,1,Product type/classpath unresolved by rules — needs AI classification or review. | Brand unresolved from input — needs manufacturer-source enrichment. | MOBILE_DESC is 24 chars (target 60-80). | BRAND_NAME empty — needs manufacturer-source enrichment. | Classpath unresolved — needs classification review.
KPTBPS100A,False,0.27,True,False,1,Product type/classpath unresolved by rules — needs AI classification or review. | Brand unresolved from input — needs manufacturer-source enrichment. | MOBILE_DESC is 30 chars (target 60-80). | BRAND_NAME empty — needs manufacturer-source enrichment. | Classpath unresolved — needs classification review.
DCB606C,False,0.36,True,False,0,Product type/classpath unresolved by rules — needs AI classification or review. | MOBILE_DESC is 34 chars (target 60-80). | Classpath unresolved — needs classification review. | No attributes extracted — description too sparse or needs enrichment.
BL1850BDC1,False,0.36,True,False,0,Product type/classpath unresolved by rules — needs AI classification or review. | MOBILE_DESC is 26 chars (target 60-80). | Classpath unresolved — needs classification review. | No attributes extracted — description too sparse or needs enrichment.
DCB205C,False,0.39,True,False,1,Product type/classpath unresolved by rules — needs AI classification or review. | MOBILE_DESC is 34 chars (target 60-80). | Classpath unresolved — needs classification review.
DCB2108,False,0.44,True,False,1,Product type/classpath unresolved by rules — needs AI classification or review. | MOBILE_DESC is 29 chars (target 60-80). | Classpath unresolved — needs classification review.
DCB2108-2,False,0.44,True,False,1,Product type/classpath unresolved by rules — needs AI classification or review. | MOBILE_DESC is 31 chars (target 60-80). | Classpath unresolved — needs classification review.
VB0212,False,0.27,True,False,1,Product type/classpath unresolved by rules — needs AI classification or review. | Brand unresolved from input — needs manufacturer-source enrichment. | MOBILE_DESC is 26 chars (target 60-80). | BRAND_NAME empty — needs manufacturer-source enrichment. | Classpath unresolved — needs classification review.
BCB2A20A,False,0.27,True,False,1,Product type/classpath unresolved by rules — needs AI classification or review. | Brand unresolved from input — needs manufacturer-source enrichment. | MOBILE_DESC is 29 chars (target 60-80). | BRAND_NAME empty — needs manufacturer-source enrichment. | Classpath unresolved — needs classification review.
BATT4A,False,0.27,True,False,1,Product type/classpath unresolved by rules — needs AI classification or review. | Brand unresolved from input — needs manufacturer-source enrichment. | MOBILE_DESC is 26 chars (target 60-80). | BRAND_NAME empty — needs manufacturer-source enrichment. | Classpath unresolved — needs classification review.
BATT2A,False,0.27,True,False,1,Product type/classpath unresolved by rules — needs AI classification or review. | Brand unresolved from input — needs manufacturer-source enrichment. | MOBILE_DESC is 26 chars (target 60-80). | BRAND_NAME empty — needs manufacturer-source enrichment. | Classpath unresolved — needs classification review.
BL1850BDC2X1,False,0.36,True,False,0,Product type/classpath unresolved by rules — needs AI classification or review. | MOBILE_DESC is 28 chars (target 60-80). | Classpath unresolved — needs classification review. | No attributes extracted — description too sparse or needs enrichment.
48-11-2422,False,0.19,True,False,0,Product type/classpath unresolved by rules — needs AI classification or review. | Brand unresolved from input — needs manufacturer-source enrichment. | MOBILE_DESC is 31 chars (target 60-80). | BRAND_NAME empty — needs manufacturer-source enrichment. | Classpath unresolved — needs classification review. | No attributes extracted — description too sparse or needs enrichment.
DCB1104,False,0.44,True,False,1,Product type/classpath unresolved by rules — needs AI classification or review. | MOBILE_DESC is 29 chars (target 60-80). | Classpath unresolved — needs classification review.
48-59-1804,False,0.19,True,False,0,Product type/classpath unresolved by rules — needs AI classification or review. | Brand unresolved from input — needs manufacturer-source enrichment. | MOBILE_DESC is 31 chars (target 60-80). | BRAND_NAME empty — needs manufacturer-source enrichment. | Classpath unresolved — needs classification review. | No attributes extracted — description too sparse or needs enrichment.
CRGR401A,False,0.27,True,False,1,Product type/classpath unresolved by rules — needs AI classification or review. | Brand unresolved from input — needs manufacturer-source enrichment. | MOBILE_DESC is 28 chars (target 60-80). | BRAND_NAME empty — needs manufacturer-source enrichment. | Classpath unresolved — needs classification review.
48-59-1211,False,0.19,True,False,0,Product type/classpath unresolved by rules — needs AI classification or review. | Brand unresolved from input — needs manufacturer-source enrichment. | MOBILE_DESC is 31 chars (target 60-80). | BRAND_NAME empty — needs manufacturer-source enrichment. | Classpath unresolved — needs classification review. | No attributes extracted — description too sparse or needs enrichment.
2847-20,False,0.19,True,False,0,Product type/classpath unresolved by rules — needs AI classification or review. | Brand unresolved from input — needs manufacturer-source enrichment. | MOBILE_DESC is 28 chars (target 60-80). | BRAND_NAME empty — needs manufacturer-source enrichment. | Classpath unresolved — needs classification review. | No attributes extracted — description too sparse or needs enrichment.
DWV9401,False,0.36,True,False,0,Product type/classpath unresolved by rules — needs AI classification or review. | MOBILE_DESC is 29 chars (target 60-80). | Classpath unresolved — needs classification review. | No attributes extracted — description too sparse or needs enrichment.
578512,False,0.19,True,False,0,Product type/classpath unresolved by rules — needs AI classification or review. | Brand unresolved from input — needs manufacturer-source enrichment. | MOBILE_DESC is 19 chars (target 60-80). | BRAND_NAME empty — needs manufacturer-source enrichment. | Classpath unresolved — needs classification review. | No attributes extracted — description too sparse or needs enrichment.
577871,False,0.19,True,False,0,Product type/classpath unresolved by rules — needs AI classification or review. | Brand unresolved from input — needs manufacturer-source enrichment. | MOBILE_DESC is 19 chars (target 60-80). | BRAND_NAME empty — needs manufacturer-source enrichment. | Classpath unresolved — needs classification review. | No attributes extracted — description too sparse or needs enrichment.
577874,False,0.19,True,False,0,Product type/classpath unresolved by rules — needs AI classification or review. | Brand unresolved from input — needs manufacturer-source enrichment. | MOBILE_DESC is 19 chars (target 60-80). | BRAND_NAME empty — needs manufacturer-source enrichment. | Classpath unresolved — needs classification review. | No attributes extracted — description too sparse or needs enrichment.
577876,False,0.19,True,False,0,Product type/classpath unresolved by rules — needs AI classification or review. | Brand unresolved from input — needs manufacturer-source enrichment. | MOBILE_DESC is 19 chars (target 60-80). | BRAND_NAME empty — needs manufacturer-source enrichment. | Classpath unresolved — needs classification review. | No attributes extracted — description too sparse or needs enrichment.
578441,False,0.19,True,False,0,Product type/classpath unresolved by rules — needs AI classification or review. | Brand unresolved from input — needs manufacturer-source enrichment. | MOBILE_DESC is 19 chars (target 60-80). | BRAND_NAME empty — needs manufacturer-source enrichment. | Classpath unresolved — needs classification review. | No attributes extracted — description too sparse or needs enrichment.
DCK225D2,False,0.36,True,False,0,Product type/classpath unresolved by rules — needs AI classification or review. | MOBILE_DESC is 30 chars (target 60-80). | Classpath unresolved — needs classification review. | No attributes extracted — description too sparse or needs enrichment.
DCK2101QQ2,False,0.44,True,False,1,Product type/classpath unresolved by rules — needs AI classification or review. | MOBILE_DESC is 32 chars (target 60-80). | Classpath unresolved — needs classification review.
4000-2/32,False,0.19,True,False,0,Product type/classpath unresolved by rules — needs AI classification or review. | Brand unresolved from input — needs manufacturer-source enrichment. | MOBILE_DESC is 31 chars (target 60-80). | BRAND_NAME empty — needs manufacturer-source enrichment. | Classpath unresolved — needs classification review. | No attributes extracted — description too sparse or needs enrichment.
3100-1/15,False,0.19,True,False,0,Product type/classpath unresolved by rules — needs AI classification or review. | Brand unresolved from input — needs manufacturer-source enrichment. | MOBILE_DESC is 31 chars (target 60-80). | BRAND_NAME empty — needs manufacturer-source enrichment. | Classpath unresolved — needs classification review. | No attributes extracted — description too sparse or needs enrichment.
T-90043,False,0.19,True,False,0,Product type/classpath unresolved by rules — needs AI classification or review. | Brand unresolved from input — needs manufacturer-source enrichment. | MOBILE_DESC is 23 chars (target 60-80). | BRAND_NAME empty — needs manufacturer-source enrichment. | Classpath unresolved — needs classification review. | No attributes extracted — description too sparse or needs enrichment.
T-90059,False,0.19,True,False,0,Product type/classpath unresolved by rules — needs AI classification or review. | Brand unresolved from input — needs manufacturer-source enrichment. | MOBILE_DESC is 23 chars (target 60-80). | BRAND_NAME empty — needs manufacturer-source enrichment. | Classpath unresolved — needs classification review. | No attributes extracted — description too sparse or needs enrichment.
T-90065,False,0.19,True,False,0,Product type/classpath unresolved by rules — needs AI classification or review. | Brand unresolved from input — needs manufacturer-source enrichment. | MOBILE_DESC is 23 chars (target 60-80). | BRAND_NAME empty — needs manufacturer-source enrichment. | Classpath unresolved — needs classification review. | No attributes extracted — description too sparse or needs enrichment.
10047VS,False,0.27,True,False,1,Product type/classpath unresolved by rules — needs AI classification or review. | Brand unresolved from input — needs manufacturer-source enrichment. | MOBILE_DESC is 33 chars (target 60-80). | BRAND_NAME empty — needs manufacturer-source enrichment. | Classpath unresolved — needs classification review.
MAG:2044-230-1,False,0.19,True,False,0,Product type/classpath unresolved by rules — needs AI classification or review. | Brand unresolved from input — needs manufacturer-source enrichment. | MOBILE_DESC is 29 chars (target 60-80). | BRAND_NAME empty — needs manufacturer-source enrichment. | Classpath unresolved — needs classification review. | No attributes extracted — description too sparse or needs enrichment.
XTP242,False,0.19,True,False,0,Product type/classpath unresolved by rules — needs AI classification or review. | Brand unresolved from input — needs manufacturer-source enrichment. | MOBILE_DESC is 20 chars (target 60-80). | BRAND_NAME empty — needs manufacturer-source enrichment. | Classpath unresolved — needs classification review. | No attributes extracted — description too sparse or needs enrichment.
AAS-P,False,0.19,True,False,0,Product type/classpath unresolved by rules — needs AI classification or review. | Brand unresolved from input — needs manufacturer-source enrichment. | MOBILE_DESC is 22 chars (target 60-80). | BRAND_NAME empty — needs manufacturer-source enrichment. | Classpath unresolved — needs classification review. | No attributes extracted — description too sparse or needs enrichment.
SSCMS,False,0.19,True,False,0,Product type/classpath unresolved by rules — needs AI classification or review. | Brand unresolved from input — needs manufacturer-source enrichment. | MOBILE_DESC is 22 chars (target 60-80). | BRAND_NAME empty — needs manufacturer-source enrichment. | Classpath unresolved — needs classification review. | No attributes extracted — description too sparse or needs enrichment.
4225.201,False,0.19,True,False,0,Product type/classpath unresolved by rules — needs AI classification or review. | Brand unresolved from input — needs manufacturer-source enrichment. | MOBILE_DESC is 34 chars (target 60-80). | BRAND_NAME empty — needs manufacturer-source enrichment. | Classpath unresolved — needs classification review. | No attributes extracted — description too sparse or needs enrichment.
KC-426C,False,0.19,True,False,0,Product type/classpath unresolved by rules — needs AI classification or review. | Brand unresolved from input — needs manufacturer-source enrichment. | MOBILE_DESC is 29 chars (target 60-80). | BRAND_NAME empty — needs manufacturer-source enrichment. | Classpath unresolved — needs classification review. | No attributes extracted — description too sparse or needs enrichment.
10045.201,False,0.27,True,False,1,Product type/classpath unresolved by rules — needs AI classification or review. | Brand unresolved from input — needs manufacturer-source enrichment. | MOBILE_DESC is 35 chars (target 60-80). | BRAND_NAME empty — needs manufacturer-source enrichment. | Classpath unresolved — needs classification review.
10014.201,False,0.27,True,False,1,Product type/classpath unresolved by rules — needs AI classification or review. | Brand unresolved from input — needs manufacturer-source enrichment. | MOBILE_DESC is 35 chars (target 60-80). | BRAND_NAME empty — needs manufacturer-source enrichment. | Classpath unresolved — needs classification review.
4430.201,False,0.27,True,False,1,Product type/classpath unresolved by rules — needs AI classification or review. | Brand unresolved from input — needs manufacturer-source enrichment. | MOBILE_DESC is 34 chars (target 60-80). | BRAND_NAME empty — needs manufacturer-source enrichment. | Classpath unresolved — needs classification review.
10055.201,False,0.27,True,False,1,Product type/classpath unresolved by rules — needs AI classification or review. | Brand unresolved from input — needs manufacturer-source enrichment. | MOBILE_DESC is 35 chars (target 60-80). | BRAND_NAME empty — needs manufacturer-source enrichment. | Classpath unresolved — needs classification review.
T27417,False,0.19,True,False,0,Product type/classpath unresolved by rules — needs AI classification or review. | Brand unresolved from input — needs manufacturer-source enrichment. | MOBILE_DESC is 22 chars (target 60-80). | BRAND_NAME empty — needs manufacturer-source enrichment. | Classpath unresolved — needs classification review. | No attributes extracted — description too sparse or needs enrichment.
